2,Thing,CHOW,LINE,""
2,Thing,GALE,WINDS
2,Phrase,A CHEAP SHOT
2,Phrase,A GREAT BUY
2,Phrase,A KODAK MOMENT
2,Event,A LONG HOT,SHOWER
2,Living Things,A PACK OF,WOLVES
2,Phrase,A PAT ON THE,BACK
2,Phrase,A WORK IN,PROGRESS
2,Living Thing,AARDVARK
2,Thing,AC,ADAPTOR
2,Person,ACCORDION,PLAYER
2,Thing,ACHING,HEART
2,People,ADRENALINE,JUNKIES
2,thing,ADVICE
2,Food &amp; Drink,AGED CHEDDAR,CHEESE
2,Thing,AIR COMPRESSOR
2,Thing,AIRPLANE,HANGER
2,Thing,AIRPLANE
2,Place,AIRPORT,RUNWAY
2,Things,AIRWAVES
2,Proper Name,AL,PACINO
2,On The Map,ALBANY NEW,YORK
2,Proper Name,ALEC,BALDWIN
2,Food &amp; Drink,ALFALFA,SPROUTS
2,Thing,ALGEBRA,BOOK
2,Thing,ALGEBRA
2,On The Map,ALGERIA
2,Living Thing,ALOE VERA,PLANT
2,THING,ALUMINUM
2,Person,AMATEUR RADIO,OPERATOR
2,Person,AMATEUR SLEUTH
2,Person,AMBULANCE,CHASER
2,Event,AMERICA'S CUP
2,Food and Drink,AMERICAN,CHEESE
2,Proper Name,AMERICAN,DENTAL,ASSOCIATION
2,TV Title,AMERICAN,IDOL
2,Things,AMERICAN FLAG
2,Living Things,ANACONDA,SNAKE
2,Proper Name,ANAHEIM DUCKS
2,People,ANCESTORS
2,Movie Title,ANGELS &amp;,DEMONS
2,Show Biz,ANIMATED,SERIES
2,Person,ANONYMOUS,CALLER
2,Occupation,ANTHROPOLOGIST
2,Around The House,ANTIQUE,BATHTUB
2,Rhyme Time,ANTS IN YOUR,PANTS
2,Place,APARTMENT,BUILDING
2,Food &amp; Drink,APPLE,JACKS
2,Place,APPLE ORCHARD
2,Food &amp; Drink,APPLESAUCE
2,People,AQUARIANS
2,Thing,AQUARIUM
2,Occupation,ARCHITECT
2,Proper Name,ARETHA,FRANKLIN
2,Proper Name,ARIZONA,CARDINALS
2,Living Thing,ARMADILLO
2,Around The House,ARMCHAIR
2,Occupation,ARMY,GENERAL
2,Event,ART EXHIBITION
2,Food &amp; Drink,ARUGULA,SALAD
2,Title,AS YOU LIKE IT
2,On The Map,ASPEN,COLORADO
2,Person,ASPIRING,ARTIST
2,Occupation,ASTRONOMER
2,Occupation,AUDIT,CLERK
2,On The Map,AUGUSTA,MAINE
2,People,AUNT &amp; UNCLE
2,Occupation,AUTO,MECHANIC
2,Event,AUTO,RACING
2,Person,AUTOGRAPH,HOUND
2,Phrase,AYE,CARUMBA!
2,Fictional Character,BABAR
2,Around The House,BABY,OIL
2,Living Thing,BABY,PIRANHA
2,Thing,BABY,QUILT
2,Event,BABY,SHOWER
2,Thing,BABY,TALK
2,Living Thing,BABY SEAL
2,Phrase,BACK AND FORTH
2,Thing,BACKBONE
2,Thing,BACKRUB
2,Food &amp; Drink,BACON,BITS
2,Things,BAGGY,JEANS
2,Things,BAGPIPES
2,Things,BAGS OF,GROCERIES
2,Food &amp; Drink,BAKED,ALASKA
2,Food &amp; Drink,BAKED,MACARONI
2,Place,BAKESHOP
2,What Are You Doing,BAKING,COOKIES
2,Thing,BALANCE BEAM
2,Place,BALLPARK
2,People,BALLROOM,DANCERS
2,Thing,BALSA,WOOD
2,Proper Name,BALTIMORE,ORIELS
2,Food &amp; Drink,BANANA NUT,BREAD
2,Occupation,BAND,PUBLICIST
2,Things,BANDAGES
2,On The Map,BANGKOK,THAILAND
2,On The Map,BANGOR,MAIN
2,Phrase,BANKERS HOURS
2,Event,BAR,MITZVAH
2,Thing,BARBECUE PITS
2,Food &amp; Drink,BARBECUED BEEF,RIBS
2,Things,BARBELLS
2,Living Thing,BARKING DOGS
2,Food &amp; Drink,BARLEY,SOUP
2,Classic TV,BARNABY,JONES
2,Proper Name,BARRY,MANILOW
2,Occupation,BARTENDER
2,Thing,BASEBALL UNIFORM
2,Food &amp; Drink,BASIL,LEAVES
2,Living Thing,BASSET,HOUND
2,Food &amp; Drink,BATCH OF,COOKIES
2,Food &amp; Drink,BATCH OF,COOKIES
2,Around The House,BATHROOM,SCALE
2,Place,BATHROOM
2,place,BATHROOM
2,Around The House,BATHTUB
2,People,BATON,TWIRLER
2,Event,BEACH,BONFIRE
2,Place,BEACH,COTTAGE
2,Thing,BEADED GOWN
2,Food &amp; Drink,BEAN,SPROUTS
2,Around The House,BEANBAG,CHAIR
2,Thing,BEAUTY,MARK
2,Proper Name,BED BATH &amp;,BEYOND
2,Around The House,BEDSIDE,TABLE
2,Food &amp; Drink,BEEF,SPAGHETTI
2,Food &amp; Drink,BEEF,WELLINGTON
2,Food &amp; Drink,BEEF POT,ROAST
2,Thing,BEEHIVE
2,Phrase,BEGINNER"S,LUCK
2,Living Thing,BEGONIA
2,Phrase,BEHAVE,YOURSELF
2,On The Map,BEIJING,CHINA
2,On The Map,BERKELEY,CALIFORNIA
2,On The Map,BERMUDA
2,Thing,BERMUDA SHORTS
2,Person,BEST,FRIEND
2,Classic TV,BEWITCHED
2,Things,BICYCLE,HELMET
2,Person,BIG,SHOT
2,Fictional Character,BIG BIRD
2,Fun &amp; Games,BIG-WAVE,SURFING
2,Proper Name,BILL COSBY
2,Thing,BILLFOLD
2,On The Map,BILOX,MISSISSIPPI
2,Food &amp; Drink,BING,CHERRIES
2,Place,BIRD,SANCTUARY
2,Thing,BIRTH,SIGN
2,Person,BIRTHDAY,BOY
2,Food &amp; Drink,BIRTHDAY,CAKE
2,Living Thing,BLACK LEOPARD
2,Occupation,BLACKJACK,DEALER
2,Things,BLACKOUT,DATES
2,Thing,BLANK,PAGE
2,Event,BLOCK,PARTY
2,People,BLOGGERS
2,Living Things,BLOOMING,WILDFLOWERS
2,What Are You Doing,BLOWING,BUBBLES
2,Around The House,BLOWN,FUSE
2,Event,BLOWOUT,SALE
2,Event,BLUES,FESTIVAL
2,Event,BOARD MEETING
2,Place,BOARDROOM
2,Event,BOATING,EXCURSION
2,Thing,BOBBY PINS
2,People,BOBSLED,TEAM
2,Person,BODY BUILDER
2,Phrase,BODY LANGUAGE
2,People,BODYGUARDS
2,On The Map,BOLIVIA
2,Living Thing,BOLL,WEEVIL
2,Food &amp; Drink,BOLOGNA,SANDWICH
2,Occupation,BOOK,CRITIC
2,Living Thing,BORDER,COLLIE
2,Proper Name,BOSTON,CELTICS
2,Place,BOSTON BRUINS
2,Title,BOSTON HERALD
2,Thing,BOTTLE CAP
2,Food &amp; Drink,BOTTLED,BEER
2,Living Thing,BOVINE
2,People,BOWLING,LEAGUE
2,Food &amp; Drink,BOX,LUNCH
2,Occupation,BOXING,PROMOTER
2,People,BOY SCOUT,TROOP
2,Thing,BOYISH,CHARM
2,Proper Name,BRAD,PITT
2,Thing,BRAIDED,HAIR
2,Phrase,BRAIN,CANDY
2,Food and Drink,BRAN MUFFIN
2,Around The House,BRASS,BED
2,Living Thing,BRAZIL NUT,TREE
2,Phrase,BREAK A LEG
2,Food &amp; Drink,BREAKFAST,CEREALS
2,Proper Name,BRENDAN FRASER
2,On The Map,BRIDGEPORT,CONNECTICUT
2,Thing,BRIGHT,IDEA
2,Thing,BROAD,SPECTRUM
2,Person,BROADWAY,ACTRESS
2,Show Biz,BROADWAY,MUSICALS
2,Family,BROTHERS &amp;,SISTERS
2,Food &amp; Drink,BROWN BAG,LUNCH
2,On The Map,BROWNSVILLE,TEXAS
2,Thing,BUBBLE,WRAP
2,Landmark,BUCKINGHAM,PALACE
2,On The Map,BUDAPEST,HUNGARY
2,Person,BUDDING,GENIUS
2,Thing,BUFFALO,WINGS
2,Fictional Character,BUGS,BUNNY
2,Thing,BULLHORN
2,Person,BUSYBODY
2,Place,BUTLER'S,PANTRY
2,Food &amp; Drink,BUTTERED,BAGEL
2,Food &amp; Drink,BUTTERY,BISCUITS
2,Thing,BUZZ,SAW
2,Phrase,BUZZWORTHY
2,Thing,CAB,RIDE
2,Person,CABIN,BOY
2,Living Thing,CACTUS,FLOWER
2,People,CADDIES
2,In The Kitchen,CAKE,MIX
2,Food &amp; Drink,CAKE
2,On The Map,CALCUTTA,INDIA
2,Place,CAMPING,GROUND
2,Landmark,CANDLESTICK,PARK
2,Place,CANDY,FACTORY
2,Things,CANOES AND,KAYAKS
2,Landmark,CAPE,CANAVERAL
2,Land Mark,CAPITAL,HILL
2,People,CAPTIVE,AUDIENCE
2,People,CAR,OWNERS
2,Place,CAR,PARK
2,Thing,CARBON,COPY
2,Thing,CARDBOARD,BOX
2,Food &amp; Drink,CARROTS AND,RAISINS
2,Thing,CASHIER'S,BOX
2,Thing,CASHIER'S,OFFICE
2,People,CAT LOVERS
2,Event,CATERED,DINNER
2,Place,CATTLE,RANCH
2,Food &amp; Drink,CAVIAR
2,Food and Drink,CAVIAR DIP
2,Around The House,CEILING,FAN
2,Person,CELEBRITY,JUDGE
2,Food &amp; Drink,CELERY,STICK
2,Landmark,CENTRAL PARK
2,In The Kitchen,CHAFING,DISH
2,Food &amp; Drink,CHAMPAGNE,PUNCH
2,Person,CHAMPIONSHIP,BOXER
2,Event,CHAMPIONSHIP,GAME
2,Proper Name,CHAPSTICK
2,Thing,CHARM,BRACELET
2,Food &amp; Drink,CHEESE,DIP
2,Food &amp; Drink,CHERRIES,JUBILEE
2,Food &amp; Drink,CHERRY,COBBLER
2,Thing,CHESSBOARD
2,Fictional Character,CHEWBACCA
2,Food &amp; Drink,CHICKEN,FRICASSEE
2,Food &amp; Drink,CHICKEN,KIEV
2,Thing,CHIFFON,WRAP
2,Food and Drink,CHILI CON CARNE
2,Living Thing,CHIMPANZEE
2,Thing,CHIP,SHOT
2,Living Things,CHIRPING,BIRDS
2,Food &amp; Drink,CHOCOLATE,DIPPED BANANAS
2,Food and Drink,CHOCOLATE,PUDDING
2,Food &amp; Drink,CHOCOLATE,SOUFFLE
2,Food &amp; Drink,CHOPPED,TARRAGON
2,Things,CHOPSTICKS
2,Food &amp; Drink,CHOW,MEIN
2,Proper Name,CHUCK,NORRIS
2,Food &amp; Drink,CHOP,SUEY
2,Occupation,CIRCUIT COURT,JUDGE
2,Phrase,CIRCULAR FILE
2,Thing,CITRONELLA,CANDLE
2,Place,CITY,PROPERTY
2,Person,CIVILIAN
2,Fictional Character,CLARK,KENT
2,Things,CLEANING,TIPS
2,Fictional Character,CLEVELAND,BROWN
2,Thing,CLIMATE
2,Proper Name,CLINT,EASTWOOD
2,Proper Name,CLUB,MED
2,Living Thing,CLYDESDALE,HORSE
2,Food &amp; Drink,COARSE SEA,SALT &amp; GROUND,WHITE PEPPER
2,Person,COAUTHOR
2,Food and Drink,COCKTAIL GARNISH
2,Food &amp; Drink,COCOA,PUFFS
2,Food &amp; Drink,COCONUT
2,Event,COFFEE TALK
2,Food &amp; Drink,COLBY JACK,CHEESE
2,Phrase,COLD,SHOULDER
2,Place,COLLEGE,CAMPUS
2,Thing,COLLEGE TUITION
2,On The Map,COLONIAL,WILLIAMSBURG
2,Place,COMEDY,CLUB
2,Place,COMEDY CLUB
2,Around The House,COMFY,ARMCHAIR
2,Person,COMMUNITY,HERO
2,Thing,COMPACT,CAR
2,Person,COMPANY,FOUNDER
2,Thing,COMPANY,LOGO
2,Thing,COMPOUND,INTEREST
2,Fictional Character,CONAN THE,BARBARIAN
2,Place,CONCERT,HALL
2,People,COOL,SURFERS
2,Thing,COPPER,POT
2,Food &amp; Drink,CORNISH GAME,HENS
2,People,CORPORATE,SPONSORS
2,Person,COUCH,POTATO
2,Around The House,COUGH,SYRUP
2,Occupation,COURT REPORTER
2,Living Things,COVEY OF QUAIL
2,Place,COZY,STUDY
2,Food &amp; Drink,CRAB,WONTONS
2,Food &amp; Drink,CRANBERRY,JUICE
2,Food &amp; Drink,CRAWFISH,BISQUE
2,Living Thing,CRAYFISH
2,Person,CREATIVE,GENIUS
2,Place,CREDIT,UNION
2,Things,CRESCENT,MOON
2,On The Map,CROATIA
2,Place,CROSSWALK
2,Place,CROWDED,RESTAURANT
2,Place,CROWDED ROOM
2,TV Title,CSI,MIAMI
2,Food &amp; Drink,CUP OF HOT,COFFEE
2,Fictional Character,CURIOUS,GEORGE
2,Things,CUT-OFF SHORTS
2,In The Kitchen,CUTTING,BOARD
2,Fictional Character,DADDY WARBUCKS
2,On The Map,DALLAS,TEXAS
2,Person,DAMSEL
2,Song Title,DANCING,QUEEN
2,Event,DARING,RESCUE
2,Proper Name,DAVID,LETTERMAN
2,Proper Name,DAVID LEE ROTH
2,Things,DAYS OF THE,WEEK
2,Phrase,DEAD,GIVEAWAY
2,Thing,DEADBOLT,LOCK
2,Phrase,DEAFENING,SILENCE
2,Landmark,DEATH VALLEY,NATIONAL PARK
2,Thing,DEF,CAMCORDER
2,On The Map,DENMARK
2,Person,DESIGNATED,DRIVER
2,On The Map,DETROIT,MICHIGAN
2,Food and Drink,DEVIL'S FOOD,CAKE
2,Food and Drink,DEVILED EGGS
2,Thing,DIAMOND,RING
2,What Are You Doing?,DIGGING A,DITCH
2,Food &amp; Drink,DIPPING,SAUCE
2,Fictional Character,DIRTY,HARRY
2,What Are You Doing,DISCO,DANCING
2,Person,DISCUS,THROWER
2,People,DISTANT,COUSINS
2,Place,DISTANT,GALAXIES
2,People,DISTINGUISHED,GUESTS
2,Living Thing,DOBERMAN,PINSCHER
2,Person,DOCTOR ON,CALL
2,Person,DOCTOR ON CALL
2,Thing,DOCUDRAMA
2,People,DOCUMENTARY,FILM CREW
2,People,DOCUMENTARY
2,On The Map,DODGE CITY,KANSAS
2,Fun And Games,DODGEBALL
2,Place,DOG,PARK
2,Around The House,DOG,DOOR
2,Proper Name,DOLLY,MADISON
2,Person,DOMESTIC,GODDESS
2,Living Things,DOMESTIC,SHEEP
2,Phrase,DON'T BE SHY
2,Around The House,DOOR,HINGE
2,Place,DORMITORY
2,Phrase,DOZED OFF
2,Event,DRAG RACE
2,Event,DRAMATIC,EXIT
2,Phrase,DRAWING,CRITISISM
2,Phrase,DRAWING A,BLANK
2,Event,DREAM,DATE
2,Show Biz,DRESS,REHEARSAL
2,Proper Name,DREW,BARRYMORE
2,Food &amp; Drink,DRIED,CRANBERRIES
2,What Are You Doing,DRIVING,UNDER THE,SPEED LIMIT
2,Thing,DRY SKIN
2,Place,DUCK,POND
2,Fun &amp; Games,DUCK DUCK,GOOSE
2,Place,DUDE,RANCH
2,Thing,DUFFLE,BAG
2,Food &amp; Drink,DUMPLINGS
2,Thing,DUTCH TREAT
2,Classic Movies,EASY,RIDER
2,Phrase,EAT YOUR SPINACH
2,Person,EAVESDROPPER
2,Event,EAVESDROPPING
2,Occupation,ECONOMISTS
2,Phrase,EDGY,LOOK
2,On The Map,EDMONTON,CANADA
2,Proper Name,EDMONTON,OILERS
2,Food &amp; Drink,EGG,SALAD
2,Food &amp; Drink,EGGNOG,LATTE
2,Food and Drink,EGGS SUNNY,SIDE UP
2,Around The House,EGYPTIAN,COTTON SHEETS
2,Place,EIGHTEEN-HOLE,GOLF COURSE
2,Around The House,ELECTRIC,TOOTHBRUSH
2,Occupation,ELEVATOR,INSPECTOR
2,Proper Name,ELLEN,DEGENERES
2,Fictional Character,ELMER,FUDD
2,Proper Name,ELVIS,PRESLEY
2,Thing,EMAIL,ADDRESS
2,Fictional Place,ENCHANTED,FOREST
2,Thing,ENCOURAGING,WORDS
2,Phrase,ENDLESS,SUMMER
2,Phrase,ENERGY,EFFICIENT
2,Living Thing,ENGLISH,SETTER
2,Person,EQUESTRIAN
2,Thing,ESCAPE HATCH
2,Food &amp; Drink,ESKIMO,PIE
2,Phrase,EVEN-TEMPERED
2,Thing,EXCESS,BAGGAGE
2,Place,EXCLUSIVE,BOUTIQUE
2,Place,EXOTIC,LOCALES
2,Event,EXPEDITION
2,Place,EXTRA,ROOM
2,Phrase,FABULOUSLY,WEALTHY
2,Phrase,FACE THE MUSIC
2,Place,FACULTY,LOUNGE
2,On The Map,FAIRBANKS,ALASKA
2,Person,FAMILY,MAN
2,Event,FAMILY,OUTING
2,Event,FAMILY,REUNION
2,Event,FAMILY,DISCUSSION
2,Thing,FAN,LETTER
2,Phrase,FAN THE FLAMES
2,Things,FAREWELL,SPEECH
2,Person,FASHION,MAVEN
2,Person,FASHIONISTA
2,Fictional Character,FATHER TIME
2,Thing,FAUX FUR COAT
2,Thing,FAX 
,MODEM
2,Quotation,FE FI FO FUM
2,Person,FEATHERBRAIN
2,What Are You Doing,FEEDING BIRDS,AT THE PARK

2,Food &amp; Drink,FETTUCCINI,PRIMAVERA
2,Title,FIDDLER ON THE,ROOF
2,Classic Movies,FIELD OF,DREAMS
2,Phrase,FIFTY-FIFTY
2,Person,FIGHT,PROMOTER
2,Phrase,FIGURE OF,SPEECH
2,Thing,FILING,CABINET
2,Phrase,FILM CAPITOL,OF THE WORLD
2,Thing,FINANCIAL,AID
2,Place,FINANCIAL,DISTRICT
2,Person,FINICKY,EATER
2,Around The House,FIREPLACE,POKER
2,Thing,FIREWOOD
2,Thing,FIRST,PRIZE
2,Person,FIRST COUSIN
2,Thing,FISHING,BOAT
2,Food &amp; Drink,FISHING,TEMPURA
2,Person,FIVE-STAR,GENERAL
2,Phrase,FLAG ON THE,PLAY
2,On The Map,FLAGSTAFF,ARIZONA
2,Person,FLAMENCO,DANCER
2,Food &amp; Drink,FLAPJACKS
2,Thing,FLATBED,TRUCK
2,Thing,FLAVOR OF THE,MONTH
2,What Are You Doing,FLEXING MY,MUSCLES
2,Thing,FLIGHT,SIMULATOR
2,Thing,FLIP,PHONE
2,Thing,FLOOR,MODEL
2,Thing,FLOOR,PLAN
2,Thing,FLOPPY,DISK
2,Thing,FLORAL,SARONG
2,Proper Name,FLORIDA,MARLINS
2,Thing,FLOWER,LEI
2,Rhyme Time,FLOWER POWER
2,Phrase,FLURRY OF,ACTIVITY
2,What Are You Doing,FLYING,CROSS-COUNTRY
2,Living Thing,FLYING,FISH
2,Thing,FLYING,SAUCER
2,What Are You Doing,FLYING A KITE
2,Living Thing,FLYING FOX
2,Living Thing,FLYING GECKO
2,Food &amp; Drink,FOCCACIA,BREAD
2,Thing,FOLDING,CHAIR
2,Place,FOLK ART,MUSEUM
2,Occupation,FOOD,STYLIST
2,People,FOOTBALL,FANS
2,Event,FOOTRACE
2,Things,FOREIGN,AFFAIRS
2,Place,FOREIGN,COUNTRIES
2,Place,FORENSIC LAB
2,Phrase,FORK IT OVER
2,Thing,FORKLIFT
2,On The Map,FORT,SUMTER
2,On The Map,FORT LEE NEW,JERSEY
2,Person,FRANCISCAN,MONK
2,Classic Movies,FREAKY,FRIDAY
2,Person,FREE,AGENT
2,Before &amp; After,FREE,SPIN,THE BOTTLE
2,Food and Drink,FRENCH,LEMONADE
2,In The Kitchen,FRENCH,SAUCEPAN
2,Place,FRENCH VILLAGE
2,People,FRESH,FACES
2,Food &amp; Drink,FRESH,GINGER
2,Food &amp; Drink,FRIED,BANANAS
2,Food &amp; Drink,FRIED,CHICKEN
2,Food and Drink,FRIED BEAN,CURD
2,People,FRIENDLY,NEIGHBORS
2,Things,FRINGED,KNEE-HIGH,BOOTS
2,Things,FRITATA
2,Place,FRONT ROW,CENTER
2,Food &amp; Drink,FRUIT,JUICE
2,Food &amp; Drink,FRUIT,SALAD
2,Thing,FUAX FUR COAT
2,People,FULL,CROWD
2,Rhyme Time,FUN IN THE SUN
2,Things,FUNNY,FACES
2,Thing,FUZZY,EARMUFFS
2,Around The House,FUZZY,SLIPPERS
2,Rhyme Time,GAL,PAL
2,Food &amp; Drink,GALA,APPLES
2,Around The House,GARDEN,GNOMES
2,Around The House,GARDENING,GLOVES
2,Thing,GAS,PUMP
2,Event,GATOR,BOWL
2,Food &amp; Drink,GEFILTE,FISH
2,Fictional Character,GEICO,GECKO
2,Thing,GEMSTONE,PENDANT
2,Proper Name,GENERAL,MOTORS
2,People,GENERAL,PUBLIC
2,On The Map,GENOA ITALY
2,Proper Name,GEORGE,LUCAS
2,Food &amp; Drink,GEORGIA,PEACHES
2,Person,GERMOPHOBE
2,Phrase,GET YOUR,GAME ON
2,Thing,GET-RICH-QUICK,SCHEME
2,Living Things,GHOST,CRABS
2,Place,GHOST,TOWN
2,Living Thing,GIANT,SCHNAUZER
2,Living Thing,GIANT PANDA,BEAR
2,Thing,GIFT,SUBSCRIPTION
2,Thing,GIFT,TAG
2,Thing,GIFT,RECEIPT
2,Phrase,GIFT OF GAB
2,Food &amp; Drink,GINGER,SNAPS
2,Food &amp; Drink,GINGERBREAD,HOUSE
2,Phrase,GIVE ME A,BREAK
2,What Are You Doing,GIVING,BLOOD
2,Landmark,GLACIER,NATIONAL PARK
2,Things,GLAD,TIDINGS
2,Food &amp; Drink,GLAZED,HAM
2,Food and Drink,GLAZED APPLES
2,People,GLEE,CLUB
2,Thing,GLOSSY,PHOTO
2,Fictional Character,GODZILLA
2,Phase,GOING,APE
2,Phrase,GOING,GAGA
2,What Are You Doing,GOING,HALFWAY
2,Thing,GOLD,BULLION
2,Living Thing,GOLDEN,RETEIVER
2,Thing,GOOD,HABIT
2,Phrase,GOOD,JOB!
2,Phase,GOOD,RIDDANCE
2,Phrase,GOOD WORK!
2,Person,GOODY,TWO-SHOES
2,Rhyme Time,GOOF-PROOF
2,Things,GOOSE,BUMPS
2,Thing,GOOSE BUMPS
2,Thing,GOSPEL,ALBUM
2,Thing,GOSSIP,COLUMN
2,Food and Drink,GOULASH
2,Thing,GRAB,BAG
2,Living Thing,GRACEFUL,SWAN
2,Event,GRADUATION
2,On The Map,GRANADA
2,People,GRAND,JURY
2,Thing,GRAND,PIANO
2,Place,GRAND 
,BALLROOM
2,Event,GRAND SLAM,HOME RUN
2,Family,GRANDMA,OLIVE OIL
2,Food &amp; Drink,GRAPE,SODA
2,Thing,GRAPH,PAPER
2,Place,GREAT,ESCAPES
2,Food &amp; Drink,GREEK FOOD
2,Food &amp; Drink,GRILLED,VEGETABLES
2,Thing,GRIPPING,PAGE-TURNER
2,Things,GROOVY,GADGETS
2,Thing,GROUP,DECISION
2,Event,GROWTH,SPURT
2,Rhyme Time,GRUESOME,TWOSOME
2,Place,GUEST,BEDROOM
2,Around The House,GUEST,TOWELS
2,Fictional Character,GREEN GOBLIN
2,Around The House,GUEST,TOWELS
2,Living Thing,GUIDE,DOG
2,Event,GUIDED,TOUR
2,Fictional Characters,GUMBY &amp; POKEY
2,Phrase,GUNG,HO
2,Living Thing,GUPPY
2,Thing,GUST OF WIND
2,Event,GYMNASTICS,MEET
2,What Are You Doing,HAILING A TAXI
2,Event,HALFTIME,SHOW
2,Thing,HALL,PASS
2,Thing,HALLEY'S COMET
2,Food &amp; Drink,HALLOWEEN,CUPCAKES
2,Food &amp; Drink,HAM,PANINI
2,Living Thing,HAMMERHEAD,SHARK
2,Around The House,HAND,LOTION
2,Phrase,HANG,BACK
2,Person,HAPPY,BABY
2,Phrase,HAPPY,HANUKKAH
2,Phrase,HAPPY AS A,CLAM
2,Event,HAPPY HOUR
2,Phrase,HAPPY-GO-LUCKY
2,Thing,HARD BACK BOOK
2,Thing,HARDBACK BOOK
2,Proper Name,HARRY CONNICK,JR
2,Event,HAUNTED,HAYRIDE
2,Thing,HAWAIIAN,SHIRT
2,Occupation,HEAD,CHEF
2,Phrase,HEADS OR,TAILS?
2,Event,HEALING,MASSAGE
2,Thing,HEART-SHAPED,SUNGLASSES
2,Thing,HEARTY,APPETITE
2,Thing,HEAT,WAVE
2,thing,HEAT WAVE
2,Living Thing,HEDGEHOG
2,Things,HEFTY,BAGS
2,Proper Name,HELEN OF TROY
2,Phrase,HELP,YOURSELF
2,Things,HELPFUL HINTS
2,Thing,HENNA,TATTOO
2,Thing,HICCUPS
2,Thing,HIDDEN,TREASURE
2,People,HIGH,FLYERS
2,Thing,HIGH,SIGN
2,Phrase,HIGH IN FIBRE
2,Event,HIGH-WIRE ACT
2,What Are You Doing,HIKING,UPHILL
2,Phrase,HIP HIP HOORAY
2,Things,HIP-HUGGERS
2,Place,HISTORIC,LANDMARK
2,Thing,HITCHING,POST
2,Things,HOBBIES
2,Place,HOBBY,SHOP
2,Event,HOCKEY,GAME
2,Thing,HODGEPODGE
2,Classic TV,HOGAN'S,HEROES
2,Rhyme Time,HOKEY,POKEY
2,Place,HOLDING,AREA
2,People,HOLIDAY,SHOPPERS
2,Show Biz,HOLLYWOOD,ROYALTY
2,Thing,HOME,COOKING
2,Thing,HOME,DECOR
2,Things,HOME,MOVIES
2,Occupation,HOME CARE AID
2,Person,HOMECOMING,QUEEN
2,Food &amp; Drink,HOMEMADE,EGGNOG
2,Person,HOMEROOM,TEACHER
2,Thing,HOMESTEAD
2,Place,HOMETOWN
2,Thing,HOMEWORK
2,Living Things,HOMING,PIGEONS
2,Proper Name,HONDA,ACCORD
2,Person,HONEST,MAN
2,On The Map,HONG,KONG
2,Thing,HORIZON
2,Thing,HORN,RIMMED GLASSES
2,Rhyme Time,HOT,SHOT
2,Food &amp; Drink,HOT AND SOUR,SOUP
2,Phrase,HOT AND SPICY
2,Food &amp; Drink,HOT APPLE PIE
2,Food &amp; Drink,HOT CROSS BUN
2,Food and Drink,HOT OATMEAL
2,Place,HOTEL,LOBBY
2,Place,HOTEL,SUITE
2,Place,HOTEL GYM
2,Thing,HOUSEWORK
2,Proper Name,HOUSTON,ROCKETS
2,On The Map,HOUSTON,TEXAS
2,Things,HUMAN,RIGHTS
2,Around The House,HUMIDIFIER
2,Living Thing,HUMMINGBIRD
2,Living Thing,HUMPBACK,WHALE
2,People,HUNG,JURY
2,Food &amp; Drink,HUNGARIAN,SAUCE
2,Phrase,HUNKER,DOWN
2,Rhyme Time,HURDY-GURDY
2,People,HUSBAND AND,WIFE
2,Phrase,I'M ALL KEYED,UP
2,Phrase,I'M HUNGRY
2,Phrase,I'VE GOT A,FEELING,ABOUT THIS
2,Phrase,I'VE GOT A HUNCH
2,Place,ICE CREAM,PARLOR
2,Place,ICE SKATING,RINK
2,People,IDENTICAL,TWINS
2,People,IMMEDIATE,FAMILY
2,Phrase,IMPECCABLE,TASTE
2,Phrase,IN GOOD,SPIRITS
2,Phase,IN THE GROOVE
2,People,IN-CROWD
2,Thing,IN-DEPTH,STUDY
2,Thing,IN-LINE,SKATES
2,Person,INCUMBENT
2,Proper Name,INDANA,JONES
2,Person,INDIRA,GANDHI
2,Proper Name,INDIRA GANDHI
2,Fun &amp; Games,INFLATABLE,SLIDE
2,Phrase,INQUIRE WITHIN
2,Thing,INSIGNIA
2,Thing,INTRODUCTORY,OFFER
2,Food &amp; Drink,IRISH,COFFEE
2,Food &amp; Drink,IRISH,STEW
2,Movie Title,IRON,MAN
2,Fictional Character,JACK &amp; JILL
2,Fictional Characters,JACK AND JILL
2,Quotation,JACK BE QUICK
2,Thing,JACKHAMMER
2,Proper Name,JACKIE,CHAN
2,Living Thing,JACKRABBIT
2,Event,JAM,SESSION
2,Food and Drink,JAMBALAYA
2,Proper Name,JANE,AUSTEN
2,Book Title,JANE EYRE
2,Proper Name,JANET,JACKSON
2,Food &amp; Drink,JASMINE GREEN TEA
2,Food and Drink,JAWBREAKER
2,Thing,JEAN,JACKET
2,Thing,JEAN SHORTS
2,Rhyme Time,JEEPERS,CREEPERS
2,Proper Name,JEFF,BRIDGES
2,Living Thing,JELLYFISH
2,TV Show Title,JEOPARDY
2,Fictional Character,JESSICA,RABBIT
2,Proper Name,JOAN OF ARC
2,Event,JOB,EXPO
2,People,JOB APPLICANTS
2,Proper Name,JOHN STAMOS
2,Fictional Characters,JOLLY ELVES
2,Living Thing,JOSHUA,TREE
2,Thing,JOYSTICK
2,People,JUDGE &amp; JURY
2,Things,JUDO &amp; KARATE
2,Things,JUMPING,JACKS
2,Living Things,JUNE,BEETLE
2,On The Map,JUNEAU
2,Living Thing,JUNIPER,TREE
2,Around The House,JUNK,DRAWER
2,Place,JUNKYARD
2,Proper Name,JUPITER
2,Phrase,JUST FOCUS
2,Phrase,JUST WING IT
2,Occupation,JUSTICE OF THE,PEACE
2,Event,KAYAK,POLO
2,Proper Name,KEANU,REEVES
2,Phrase,KEEP IT HANDY
2,Thing,KEY,CHAIN
2,Thing,KEYBOARD
2,Person,KEYNOTE,SPEAKER
2,Event,KICKBOXING
2,Phrase,KILLING,TIME
2,Thing,KINDERGARTEN
2,Living Thing,KING,COBRA
2,Title,KISS ME KATE
2,Event,KITCHEN,DUTY
2,Around The House,KITCHEN,GADGETS
2,Food &amp; Drink,KIWI FRUIT
2,Rhyme Time,KNITTY,GRITTY
2,Phrase,KNOCK IT OFF
2,Thing,KNOW-HOW
2,Place,KOI,POND
2,On The Map,KONA,COAST
2,On The Map,KUALA,LUMPUR
2,Phrase,KUDOS
2,Movie,KUNG FU PANDA
2,Event,LABOR,DAY
2,Fictional Character,LADY,MACBETH
2,On The Map,LAKE,ONTARIO
2,On The Map,LAKE ONTARIO
2,Thing,LANDING,GEAR
2,Around The House,LAPTOP,COMPUTER
2,Proper Name,LARRY,KING
2,Show Biz,LAS VEGAS STAGE,SHOW
2,Thing,LASERJET,PRINTER
2,Thing,LAUGHING GAS
2,Around The House,LAUNDRY,BASKET
2,Around The House,LAUNDRY,HAMPER
2,Thing,LAUNDRY,LIST
2,Place,LAW,FIRM
2,People,LAWMAKERS
2,Occupation,LEAD,SINGER
2,Fun &amp; Games,LEAPFROG
2,Thing,LEATHER,GLOVES
2,Around The House,LEATHER,RECLINER
2,What Are You Doing,LEAVING,EARLY
2,Place,LECTURE,HALL
2,Fictional Character,LEPRECHAUN
2,Proper Name,LEWIS,BLACK
2,Event,LIBERTY,BOWL
2,Thing,LIBRARY,CARD
2,Thing,LIBRARY BOOK
2,Place,LICENSE,BUREAU
2,Person,LIFE,COACH
2,Phrase,LIFE IS GOOD
2,Things,LIFE SAVINGS
2,Food &amp; Drink,LIFESAVERS
2,Phrase,LIGHTNING,FAST
2,On The Map,LIMA,PURU
2,Things,LIMITED,EDITION
2,Living Thing,LIONESS
2,Event,LIVE,RECORDING
2,Place,LIVING,ROOM
2,Living Thing,LLAMA
2,Food &amp; Drink,LOAF OF STALE,BREAD
2,Occupation,LOAN,OFFICER
2,Person,LOAN,SHARK
2,Place,LOCAL,BOUTIQUE
2,Around The House,LOCKABLE,CABINET
2,Thing,LOCKET
2,Place,LOG,HOUSE
2,Thing,LOGIC
2,Place,LONDON'S BIG,Bening
2,People,LONGSHOREMEN
2,Title,LOS ANGELES,TIMES
2,Person,LOTTERY,WINNER
2,Person,LOVEABLE,GUY
2,People,LOVEBIRDS
2,Place,LOVER'S,LANE
2,Event,LOVER'S,SPAT
2,Rhyme Time,LOVEY-DOVEY
2,Phrase,LOW IN,CALERIES
2,Phrase,LOWER YOUR,VOICE
2,Title,LUCKY,PEER
2,Occupation,LUMBERJACK 

2,Event,LUNCH,HOUR
2,Thing,LUXERY,LINER
2,Thing,LUXURY,CAR
2,Thing,MACKINAW
2,Thing,MACRAME
2,Phrase,MADE TO ORDER
2,Thing,MAGAZINE,ISSUE
2,Occupation,MAIL,CARRIER
2,Thing,MAILBAG
2,Book Title,MAIN,BRANCH
2,Place,MAIN,OFFICE
2,Event,MAJOR,OVERHAUL
2,Phrase,MAKING A,FUSS
2,Living Thing,MALTESE
2,Person,MAN OF THE,HOUR
2,Living Thing,MANX,CAT
2,Proper Name,MARCO POLO
2,Proper Name,MARGARET,CHO
2,Proper Name,MARK,TWAIN
2,Phrase,MARK MY WORDS
2,Proper Name,MARTIN LUTHER,KING JR.
2,Proper Name,MARY,HIGGINS CLARK
2,Food &amp; Drink,MARZIPAN
2,Person,MASTERMIND
2,Thing,MATH,QUIZ
2,Occupation,MEDICAL,EXAMINER
2,Person,MEDICAL DOCTOR
2,Person,MEDICINE,MAN
2,Title,MEN'S,HEALTH
2,Fictional Place,METROPOLIS
2,Place,MEZZANINE
2,Proper Name,MICHAEL,JORDAN
2,Thing,MICROSCOPE
2,Phrase,MICROWAVE,POPCORN
2,Thing,MIDDLE NAME
2,Classic Movies,MIDNIGHT,COWBOY
2,Fictional Character,MIGHTY,MOUSE
2,Proper Name,MIKE,MYERS
2,Food &amp; Drink,MILK,CHOCOLATE
2,Proper Name,MILTON,BRADLEY
2,Phrase,MIND,GAME
2,Living Thing,MINIATURE,DONKEY
2,Living Things,MINIATURE,SCHNAUZER
2,Fictional Character,MINNIE,MOUSE
2,Food &amp; Drink,MISO,SOUP
2,Classic TV,MISSION,IMPOSSIBLE
2,Phrase,MIXED BAG
2,Around The House,MOISURIZING,CREAM
2,In The Kitchen,MOKA,POT
2,Food &amp; Drink,MOLASSES
2,Event,MONDAY,MORNING
2,Thing,MONKEY,WRENCH
2,On The Map,MONTEREY BAY
2,Phrase,MOOLA
2,Rhyme Time,MOP,TOP
2,Living Thing,MORNING,GLORY
2,Event,MORNING,RECESS
2,Place,MOROCCAN,CASBAH
2,Around The House,MOSAIC,TABLE
2,Place,MOTEL,ROOM
2,Family,MOTHER AND SON
2,Proper Name,MOTHER TERESA
2,Thing,MOTOR,SCOOTER
2,Thing,MOTORBIKE
2,Thing,MOTORIZED,GLIDER
2,Landmark,MOUNT,RUSHMORE
2,Landmark,MOUNT,SHASTA
2,Landmark,MOUNT,VESUVIUS
2,Landmark,MOUNT FUJI IN,JAPAN
2,Place,MOUNTAIN,CABIN
2,Around The House,MOUSEPAD
2,Thing,MOUSETRAP
2,Around The House,MOUTHWASH
2,Occupation,MOVIE CRITIC
2,Event,MOVING DAY
2,Fictional Character,MRS. CLAUS
2,Around The House,MUSIC,BOX
2,Things,MUSIC,DOWNLOADS
2,Occupation,MUSIC TEACHER
2,Person,MYSTERY,BUFF
2,Person,NARRATOR
2,Event,NATIONWIDE,SURVEY
2,Thing,NATIVE TONGUE
2,Thing,NATURAL,HABITAT
2,Food &amp; Drink,NECTARINES
2,Family,NEICES &amp;,NEPHEWS
2,Proper Name,NELLY,FURTADO
2,Thing,NEW,HAIRSTYLE
2,On The Map,NEW YORK CITY
2,On DVD,NEW ZOO REVIEW
2,Person,NEWBIE
2,People,NEWBORN,BABIES
2,Landmark,NIAGRA FALLS
2,Thing,NICKNAME
2,Occupation,NIGHT,WATCHMAN
2,Thing,NIGHT JOB
2,Phrase,NO HOLDS,BARRED
2,People,NO-SHOWS
2,Food &amp; Drink,NONFAT,YOGURT
2,On The Map,NORMANDY
2,Living Thing,NORWEGIAN,BUHUND
2,Living Thing,NORWEGIAN,ELKHOUND
2,Person,NOTARY PUBLIC
2,Person,NOTED,AUTHORITY
2,Thing,NOTEPAD
2,Phrase,NOTHING TO,SNEEZE AT
2,Phrase,NOW AND FOREVER
2,Food &amp; Drink,OAT BRAN,CEREAL
2,Living Thing,OCEAN,SUNFISH
2,Things,OCEAN,VIEWS
2,Things,ODD,NUMBERS
2,Thing,ODD NUMBERS
2,Title,ODDS AND ENDS
2,Phrase,OFF THE CUFF
2,People,OFFENSIVE,LINEMAN
2,Thing,OFFICIAL,WEBSITE
2,Phrase,OH,PHOOEY
2,Phrase,OH PHOOEY
2,Person,OIL,TYCOON
2,Title,OKLAHOMA
2,Food &amp; Drink,OKRA,SALAD
2,Person,OLD,TIMER
2,Living Thing,OLD ENGLISH,SHEEPDOG
2,Fictional Character,OLIVE,OYL
2,Classic Movies,OLIVER!
2,On The Map,OMAHA,NEBRASKA
2,Phrase,ON THE MOVE
2,Things,ON-LINE,SURVEY
2,Phrase,ONE OCTAVE,HIGHER
2,Rhyme Time,OOKY,SPOOKY
2,Thing,OPAL,BROOCH
2,Classic Movie,ORDINARY,PEOPLE
2,Food &amp; Drink,ORGANIC,GRANOLA
2,Book Title,OUT OF AFRICA
2,Place,OUTER,SPACE
2,Place,OUTPATIENT,CLINIC
2,Thing,OVERNIGHT,BAG
2,Food &amp; Drink,PAD,THAI
2,Thing,PADDLEBALL
2,Event,PAID,VACATION
2,Fun &amp; Games,PAINTBALL,FIGHT
2,Living Thing,PALOMINO
2,Thing,PANHANDLE
2,In The Kitchen,PAPRIKA
2,Proper Name,PARAMOUNT,PICTURES
2,On The Map,PARK CITY UTAH
2,Place,PARKING,GARAGE
2,Living Thing,PARROTFISH
2,Landmark,PARTHENON
2,Things,PARTICLEBOARD
2,Thing,PARTING,SHOT
2,Fun And Games,PARTY GAMES
2,Classic TV,PASSWORD
2,Phrase,PATIENCE IS A,VIRTUE
2,People,PATIENTS
2,Thing,PATIO,UMBRELLA
2,Fictional Character,PAUL,BUNYAN
2,Proper Name,PAULA,ABDUL
2,Phase,PAVE THE WAY
2,People,PAYING,CUSTOMERS
2,Thing,PEACH,FUZZ
2,On The Map,PEBBLE BEACH,CALIFORNIA
2,Thing,PEDOMETER
2,On The Map,PEKING CHINA
2,People,PENNSYLVANIA,DUTCH
2,Proper Name,PEOPLE'S,CHOICE AWARDS
2,Event,PEP,RALLY
2,Thing,PEP,TALK
2,Fictional Character,PEPE LE PEW
2,Food &amp; Drink,PEPPERMINT,BARK
2,Event,PERFECT,VACATION
2,Before &amp; After,PERFORMING,ARTS,AND CRAFTS
2,Phrase,PERMANENT,FIXTURE
2,Fictional Character,PERRY,MASON
2,Occupation,PERSONAL,TRAINER
2,Food &amp; Drink,PESTO PASTA,SALAD
2,Fictional Character,PETER,PAN
2,Thing,PETRIFIED,ROCK
2,Occupation,PHARMACY,TECHNICIAN
2,Living Thing,PHILODENDRON
2,Person,PHILOSOPHY,MAJOR
2,Rhyme Time,PHONY-BALONEY
2,Event,PHOTO,FINISH
2,Thing,PHOTO,LAB
2,Thing,PHOTOCOPY
2,Thing,PICKET,FENCE
2,Food &amp; Drink,PICKLED,FISH
2,Food &amp; Drink,PICKLED,OYSTERS
2,Place,PICNIC,AREA
2,Thing,PICNIC,BASKET
2,Place,PICTURESQUE TOWN
2,Fun And Games,PIGGYBACK RIDE
2,Occupation,PILOT
2,Food &amp; Drink,PIMENTO,LOAF
2,Food &amp; Drink,PINA,COLADA
2,Thing,PINATA
2,Around The House,PINCUSHION
2,Thing,PING-PONG,BALL
2,Proper Name,PINK,FLOYD
2,Phrase,PIPE DREAM
2,Food &amp; Drink,PISTACHIO,NUTS
2,In The Kitchen,PIZZA,OVEN
2,Proper Name,PIZZA,HUT
2,Food &amp; Drink,PIZZA WITH,ANCHOVIES
2,Place,PIZZERIA
2,Occupation,PLACE,KICKER
2,Thing,PLAID,SHIRT
2,Phrase,PLAIN AS DAY
2,Fictional Place,PLANET,KRYPTON
2,Place,PLANETARIUM
2,In The Kitchen,PLASTIC,SPOON
2,Phrase,PLAY THE FOOL
2,Phrase,PLAY IT SAFE
2,Place,PLAYGROUND
2,What Are You Doing,PLAYING,DARTS
2,Things,PLEATED,SLACKS
2,Food &amp; Drink,PLUM,PUDDING
2,Thing,PLUMBING
2,Before &amp; After,PLYMOUTH,ROCK,OF GIBRALTER
2,On The Map,POCONO,MOUNTAINS
2,Event,POETRY,READING
2,Phrase,POETRY IN,MOTION
2,Person,POINT,MAN
2,Thing,POINTED EARS
2,Living Things,POLAR,BEARS
2,Event,POLE,VAULT
2,People,POLICYMAKERS
2,Living Thing,POMERANIAN
2,On The Map,PONTIAC,MICHIGAN
2,Fictional Place
,POOH,CORNER
2,Fun And Games,POOL PARTY
2,Show Biz,POP MUSIC
2,Things,POP-UP,BOOKS
2,In The Kitchen,PORCELAIN,DISH
2,Living Thing,PORCUPINE
2,Place,PORT HURON,MICHIGAN
2,On The Map,PORTUGAL
2,Food &amp; Drink,POT,STICKER
2,Food &amp; Drink,POTATO,ROLLS
2,Food &amp; Drink,POTATO,SOUP
2,Food and Drink,POTATO PANCAKES
2,On The Map,PRAGUE
2,Living Thing,PRAYING,MANTIS
2,Show Biz,PREMIERE,PERFORMANCE
2,Thing,PRESIDENTIAL,SEAL
2,Living Thing,PRICKLY,CACTUS
2,Place,PRIME,LOCATION
2,Fictional Character,PRINCE VALIANT
2,Place,PRIVATE,BALCONY
2,Phrase,PRIVATE,PARKING
2,Before And After,PRIVATE,EYE EXAM
2,Place,PRIVATE,SCHOOL
2,Thing,PRIZE PUZZLE
2,Event,PRIZEFIGHT
2,Person,PROBLEM,SOLVER
2,things,PROPANE,TANK
2,Person,PROUD,PAPA
2,On The Map,PROVO,UTAH
2,Occupation,PSYCHIC
2,Thing,PSYCODELIC
2,Occupation,PUBLIC,DEFENDER
2,Place,PUBLIC,LIBRARY
2,Person,PUBLIC,OFFICIAL
2,Thing,PUBLIC,PARKING
2,Person,PUBLIC,SPEAKER
2,Thing,PUBLIC,UTILITY
2,Thing,PUBLICITY
2,Person,PUBLISHING,EXECUTIVE
2,Living Thing,PUFFIN
2,Classic TV,PUNKY,BREWSTER
2,Thing,PURE,GOLD
2,Person,PURVEYOR
2,Things,PUSHUPS
2,Thing,PUZZLE
2,Thing,PYRAMID
2,Landmark,PYRAMIDS,OF GIZA
2,Phrase,QUANTUM,LEAP
2,Living Thing,QUARTER HORSE
2,Rhyme Time,QUICK,PICKS
2,Thing,QUESTIONNAIRE
2,Thing,QUICK,BITE
2,Rhyme Time,QUICK,PICKS
2,Phase,QUICK AND EASY
2,Phrase,QUITE A JOLT
2,Person,RABBLE-ROUSER
2,Proper Name,RACHEL,MCADAMS
2,Thing,RADIO,DIAL
2,Things,RAFFLE TICKET
2,Fictional Character,RAMBO
2,Thing,RAP MUSIC
2,Thing,RAPID,TRANSIT
2,Living Things,RAVENS
2,Things,RAYS OF SUNSHINE
2,Rhyme Time,RAZZLE-,DAZZLE
2,Rhyme Time,RAZZLE-DAZZLE
2,Thing,RECORD,RAINFALL
2,Food &amp; Drink,RED,RASPBERRIES
2,Phrase,RED AS A BEET
2,Living Thing,RED-TAILED,HAWK
2,Food and Drink,REDUCED FAT,MILK
2,Living Thing,REDWOOD,TREE
2,Food &amp; Drink,REFRIED,BEANS
2,In The Kitchen,REFRIGERATOR
2,What Are You Doing,REGIFTING A,GIFT
2,Place,REGIONAL,AIRPORT
2,Person,REIGNING,CHAMPION
2,Phrase,REMEMBER WHEN
2,What Are You Doing,RENTING A,MOVIE
2,People,REPEAT,CUSTOMERS
2,People,REPEAT PATIENTS
2,People,RESCUE,DIVERS
2,Place,RESEARCH,LIBRARY
2,Food &amp; Drink,REUBEN,SANDWICH
2,Person,RHODES,SCHOLAR
2,Things,RIBBONS AND BOWS
2,Food &amp; Drink,RICE PUDDING
2,Classic TV,RICHIE &amp; THE,FONZ
2,What Are You Doing?,RIDING IN A,LIMOUSINE
2,Song Title,RING OF FIRE
2,Thing,RISKY MOVIE
2,Fictional Character,ROAD,RUNNER
2,Food &amp; Drink,ROASTED,POTATOES
2,Food and Drink,ROASTED GARLIC
2,Thing,ROBIN'S,EGG
2,Event,ROCK,CONCERT
2,Place,ROCK,QUARRY
2,Thing,ROCK SCULPTURE
2,Around The House,ROCKING,CHAIR
2,Fictional character,ROCKY,BALBOA
2,Fictional Characters,ROCKY &amp;,BULLWINKLE
2,Phrase,ROMANTIC SPARKS
2,Title,ROMEO AND,JULIET
2,Person,ROOKIE,QUARTERBACK
2,Thing,ROSY,CHEEKS
2,Place,ROYAL,PALACE
2,Things,RUBBER,BOOTS
2,Around The House,RUBBER,DUCKY
2,Place,RURAL,TOWN
2,Phrase,SAFE AND SOUND
2,Person,SAFECRACKER
2,On The Map,SAHARA,DESERT
2,Living Things,SAINT,BERNARD
2,On The Map,SALEM,OREGON
2,Food &amp; Drink,SALMON,CAKES
2,Food &amp; Drink,SALSBURY,STEAK
2,Food &amp; Drink,SALTED,CASHEWS
2,Proper Name,SAMMY,HAGAR
2,Place,SAND TRAP
2,Place,SANDWICH,SHOP
2,Fictional Character,SANTA CLAUS
2,Fictional Character,SANTA'S ELVES
2,Food &amp; Drink,SAVERY,MEAL
2,What Are You Doing?,SAYING I DO
2,Thing,SCARY,TALE
2,Place,SCHOOL BUS,STOP
2,Thing,SCHOOL BUS
2,Fun &amp; Games,SCRABBLE
2,Living Thing,SEA,HORSE
2,Event,SEA,KAYAKING
2,Living Thing,SEA,URCHAN
2,Food and Drink,SEA SALT
2,Food &amp; Drink,SEAFOOD,SALAD
2,People,SEARCH,PARTY
2,Thing,SEARCH ENGINE
2,Event,SECOND,HONEYMOON
2,Event,SECURITY,BREACH
2,Phrase,SEIZE THE DAY
2,Event,SENATE,HEARING
2,Event,SENIOR,PROM
2,Thing,SERVICE,ENTRANCE
2,Phrase,SETTING THE,STAGE
2,Phrase,SETTING THE,STAGE
2,Phrase,SHABBY,CHIC
2,Event,SHADOWBOXING
2,Place,SHADY,BACKYARD
2,phrase,SHAKE IT UP
2,Thing,SHAMROCK
2,On The Map,SHANGHAI,CHINA
2,What Are You,SHARING A,SECRET
2,Things,SHARP,FANGS
2,Song 
,SHARPED DRESSED,MAN
2,Food &amp; Drink,SHEPHERD'S,PIE
2,Fictional Character,SHERLOCK,HOLMES
2,Living Thing,SHETLAND,PONY
2,Living Thing,SHIH TZU
2,Person,SHIPS,CAPTAIN
2,Food and Drink,SHISH KEBABS
2,Around The House,SHOEBOX
2,What Are You Doing,SHOOING,FLIES
2,Place,SHOPPING,MALL
2,Thing,SHORTWAVE,RADIO
2,TV Show Title,SHOWBIZ,TONIGHT
2,Around The House,SHOWER,CADDY
2,Around The House,SHOWER RADIO
2,Person,SHOWOFF
2,Food &amp; Drink,SHRIMP,BISQUE
2,Food &amp; Drink,SHRIMP,PAD,THAI
2,Place,SIDEWALK CAFE
2,Thing,SIGN,LANGUAGE
2,Thing,SIGNING,2
2,Event,SILENT,AUCTION
2,Person,SILENT,PARTNER
2,Place,SILICON,VALLEY
2,Living Thing,SILKWORM
2,What Are You Doing,SINGING,OFF-KEY
2,Phrase,SINK OR SWIM
2,Thing,SKETCHBOOK
2,Event,SKI,JUMPING
2,Things,SKI,GOGGLES
2,Thing,SKIMPY,BIKINI
2,Occupation,SKYCAP
2,Person,SKYDIVER
2,Phrase,SLAPHAPPY
2,Fictional Character,SLEEPING,BEAUTY
2,Event,SLEIGH RIDE
2,Event,SLOW,DANCE
2,Person,SLOWPOKE
2,Phrase,SMOKING,GUN
2,Phrase,SMOOTH AS SILK
2,Food &amp; Drink,SMOTHERED,CHICKEN
2,Fictional Character,SNOOPY
2,Food &amp; Drink,SNOW,CONE
2,Living Thing,SNOW,LEOPARD
2,Fictional Character,SNOW,WHITE
2,Event,SNOWSTORM
2,Rhyme Time,SNUG AS A BUG,IN A RUG
2,What Are You Doing,SOAKING IN A,HOT TUB
2,Things,SOAP,BUBBLES
2,Place,SOCCER,STADIUM
2,Proper Name,SOCRATES
2,Things,SODA,FOUNTAIN
2,Food &amp; Drink,SODA,WATER
2,Around The House,SOFA,BED
2,Thing,SOFT,MUSIC
2,Around The House,SOFT,PILLOW
2,Event,SOLAR,ECLIPSE
2,Thing,SONIC,BOOM
2,Thing,SOUND,CHECK
2,Food &amp; Drink,SOUP &amp;,SANDWICH
2,In The Kitchen,SOUP BOWL
2,Food &amp; Drink,SOUP DU JOUR
2,On The Map,SOUTH,AMERICA
2,On The Map,SOUTH,KOREA
2,On The Map,SOUTH,POLE
2,Person,SOUTHPAW
2,Food &amp; Drink,SOY,FLOUR
2,Place,SPACIOUS,APARTMENT
2,Place,SPACIOUS,HOME
2,Thing,SPANISH,DICTIONARY
2,Event,SPEARFISHING
2,Event,SPECTATOR,SPORT
2,Occupation,SPEECH,PATHOLOGIST
2,Person,SPEED READER
2,Thing,SPEEDING,TICKET
2,What Are You Doing,SPENDING LESS,MONEY
2,Phrase,SPICE IT UP
2,Thing,SPIRAL,NOTEBOOK
2,Thing,SPLIT,SECOND
2,Food &amp; Drink,SPLIT PEA SOUP
2,Place,SPOOKY,SWAMP
2,In The Kitchen,SPOON &amp; FORK
2,Title,SPORTS,ILLUSTRATED
2,Living Things,SPOTTED,DALMATIONS
2,Event,SQUARE,DANCE
2,Classic TV,SQUARE,PEGS
2,Event,SQUARE,DANCE
2,Occupation,STAFF NURSE
2,Event,STAMPEDE
2,Song Title,STAND BY ME
2,Living Thing,STANDARD,POODLE
2,Thing,STANDARD OF,LIVING
2,Phrase,STAR,QUALITY
2,Person,STAR,PUPIL
2,Show Biz,STAR-STUDDED,AFFAIR
2,Event,STARGAZING
2,Person,STATE,SENATOR
2,Show Biz,STATION,BREAK
2,Person,STAUNCH,SUPPORTER
2,Place,STEAK,HOUSE
2,Food &amp; Drink,STEAK,TARTARE
2,Food &amp; Drink,STEAK AND,POTATOES
2,Food and Drink,STEAMED,VEGETABLES
2,Rhyme Time,STEER,CLEAR
2,Food &amp; Drink,STEWED,OKRA
2,living thing,STINK,BUG
2,Event,STIRRING,SPEECH
2,Things,STOCK,OPTIONS
2,Occupation,STOCK CLERK
2,Things,STONEWASHED,JEANS
2,Food &amp; Drink,STRAWBERRY,JAM
2,Food &amp; Drink,STRAWBERRY,SHORTCAKE
2,Food &amp; Drink,STRING,CHEESE
2,People,STRING,QUARTET
2,Phrase,STROKE OF LUCK
2,People,STUDIO,AUDIENCE
2,Things,STUFFED,ANIMALS
2,What Are You Doing,STUFFING A,TURKEY
2,Thing,STYLISH,WARDROBE
2,Person,SUBSTITUTE,TEACHER
2,Places,SUBURBS
2,People,SUBWAY,RIDERS
2,Fun &amp; Games,SUDOKU
2,Thing,SUEDE,JACKET
2,Food &amp; Drink,SUGAR,CUBE
2,Landmark,SUGARLOAF,MOUNTAIN
2,Thing,SUIT OF ARMOR
2,Event,SUMMER,GETAWAY
2,Thing,SUMMER,JOB
2,Place,SUMMER,CAMP
2,Things,SUN MOON AND,STARS
2,People,SUNBATHERS
2,Food &amp; Drink,SUNFLOWER,SPROUTS
2,Event,SUPER,BOWL
2,Phrase,SURF'S,UP
2,Proper Name,SUSAN,ANTONE
2,Place,SWANKY,HOTEL
2,Thing,SWEDISH,MASSAGE
2,Food and Drink,SWEET POTATO,PIE
2,Thing,SWIM,GOGGLES
2,Food &amp; Drink,SWISS,STEAK
2,On The Map,SWITZERLAND
2,Landmark,SYDNEY OPERA,HOUSE
2,People,SYMPHONY
2,Thing,SYNONYM
2,Around The House,TABLE,LAMP
2,Proper Name,TACO,BELL
2,Place,TACO STAND
2,Fun &amp; Games,TAFFY,PULL
2,Landmark,TAJ,MAHAL
2,person,TALENTED,ARTIST
2,Thing,TALKING,DOLL
2,Thing,TAMBOURNE
2,Thing,TANDEM,BICYCLE
2,Thing,TANK,TOP
2,Fictional Character,TARZAN AND,JANE
2,People,TASK,FORCE
2,Things,TASTE,BUDS
2,Person,TEACHER'S PET
2,People,TEACHING STAFF
2,People,TEAM MEMBERS
2,People,TEAMSTERS
2,Thing,TECHNICAL,KNOCKOUT
2,Proper Name,TED,KOPPEL
2,Classic TV,TED BAXTER &amp;,SUE ANN NIVENS
2,Show Biz,TEEN,HEARTTHROB
2,People,TEENAGERS
2,Thing,TEETER,TOTTER
2,Thing,TELEPHONE,POLE
2,Thing,TEMPTING,IDEA
2,Fictional character,TENNESSEE,TUXEDO
2,Event,TENNIS,TOURNAMENT
2,Event,TENNIS,MATCH
2,Event,TENT,SALE
2,Thing,TERM,PAPER
2,Place,TERRACE
2,Proper Name,TEXAS A&amp;M,UNIVERSITY
2,Thing,TEXTBOOK
2,things,THANK-YOU,CARDS
2,Landmark,THE,ACROPOLIS
2,TV Title,THE,BACHELOR
2,TV Title,THE,VIEW
2,Classic Movies,THE,GODFATHER
2,Classic Movie,THE,GRADUATE
2,Landmark,THE 
,EIFFEL,TOWER
2,Classic TV,THE,A-TEAM
2,Proper Name,THE BEACH BOYS
2,Phrase,THE BIG,LEAGUES
2,Classic Movies,THE BIG CHILL
2,Landmark,THE COLOSSEUM
2,Classic TV,THE COSBY SHOW
2,Title,THE DENVER,POST
2,Quotation,THE EAGLE HAS,LANDED
2,Fictional Character,THE GREAT,GAZOO
2,Book Title,THE JUNGLE,BOOK
2,Landmark,THE LOUVRE,MUSEUM
2,Classic TV,THE ODD COUPLE
2,Thing,THE SEATTLE,TIMES
2,Landmark,THE WAILING,WALL
2,Landmark,THE WHITE,HOUSE
2,Phrase,THE WHOLE,SHEBANG
2,People,THEATERGOERS
2,In The Kitchen,THERMAL,CARAFE
2,Around The House,THROW,RUGS
2,Landmark,TIANANMEN,SQUARE
2,Living Thing,TIMBER,WOLF
2,Thing,TIME,CAPSULE
2,Things,TIMELESS,TREASURES
2,Fictional Character,TINKERBELL
2,Song,TINY,DANCER
2,Things,TIRE,TRACKS
2,Classic Movies,TO CATCH A,THIEF
2,Classic Movie,TO SIR WITH,LOVE
2,Fictional Character,TOM,THUMB
2,Fictional Character,TOM SAWYER
2,Food &amp; Drink,TOMATO,GAZPACHO
2,Person,TOMBOY
2,Fictional Character,TOOTH,FAIRY
2,Around The House,TOOTHBRUSH
2,People,TOP,BRASS
2,People,TOP,PLAYERS
2,Phrase,TOP-NOTCH
2,Phrase,TOPSY-TURVY
2,Thing,TOUGH,LOVE
2,Things,TOUGH,QUESTIONS
2,Occupation,TOUR GUIDE
2,Event,TRAFFIC,GRIDLOCK
2,People,TRAINED,TECHNICIANS
2,People,TRAINED,ATHLETES
2,Place,TRAINING,CAMP
2,Around The House,TRASH,CAN
2,On The Map,TRINIDAD
2,People,TRIPLETS
2,Thing,TROPICAL BREEZE
2,Person,TROUBADOR
2,Place,TRUCK,STOP
2,Thing,TUMMY,TUCK
2,Food &amp; Drink,TUNA,CASSEROLE
2,In The Kitchen,TURKEY,BASTER
2,Food &amp; Drink,TURKEY,DIVAN
2,Food &amp; Drink,TURKEY,TETRAZINNI
2,Title,TV,GUIDE
2,Show Biz,TV,SPINOFF
2,Fiction,TWEETY,BIRD
2,Around The House,TWIN,BEDS
2,People,TWINS
2,Thing,TWO-WAY,PAGER
2,Thing,TWO-WAY,RADIO
2,Place,UNDERGROUND,VAULT
2,People,UNEXPECTED,COMPANY
2,Thing,UNICYCLE
2,People,UNSUNG,HEROS
2,Phrase,UP THE ANTE
2,Phrase,UP UP AND,AWAY!
2,Phrase,UP-AND-COMING
2,Thing,URANIUM
2,Place,URBAN HOT SPOT
2,People,USUAL,SUSPECTS
2,Proper Name,UTAH,JAZZ
2,Around The House,UTENSIL,DRAWER
2,Thing,VACATION,ACCOUNT
2,Thing,VACATION,BROCHURE
2,People,VACATIONERS
2,On The Map,VAIL,COLORADO
2,Things,VALUABLES
2,On The Map,VANCOUVER
2,Food &amp; Drink,VANILLA,PUDDING
2,Title,VANITY,FAIR
2,Proper Name,VASSER,COLLEGE
2,Thing,VAULTED,CEILING
2,People,VEGETARIANS
2,Thing,VENDING,MACHINE
2,Thing,VERBAL,CONTRACT
2,Phrase,VERY HUSH-HUSH
2,Phrase,VICIOUS,CYCLE
2,On The Map,VICTORIA,ISLAND
2,Thing,VIDEO POKER
2,Things,VIDEOTAPE
2,People,VIKINGS
2,People,VIRGOS
2,Thing,VIRTUAL,REALITY
2,Place,VISITORS' AREA
2,Things,VOICE,MAIL
2,People,VOLLEYBALL,TEAM
2,Place,WAITING,ROOM
2,What Are You Doing,WAITING,TABLES
2,Thing,WAKE-UP,CALL
2,What Are You Doing?,WALKING MY DOG
2,Thing,WALL,MAP
2,Food &amp; Drink,WASABI,CHIPS
2,Title,WASHINGTON,POST
2,Proper Name,WASHINGTON,REDSKINS
2,Thing,WATCHFUL,EYE
2,In The Kitchen,WATER PURIFIER
2,Food &amp; Drink,WATERCRESS
2,Thing,WAVELENGTH
2,Thing,WAVY,HAIR
2,Place,WAX,MUSEUM
2,Occupation,WEBMASTER
2,Phrase,WEDDED,BLISS
2,Place,WEDDING,CHAPEL
2,Thing,WEDDING,CORSAGE
2,Event,WEDDING,RECEPTION
2,Event,WEEKEND,ESCAPE
2,Event,WEEKEND,GETAWAY
2,Things,WEEKNIGHTS
2,Around The House,WELCOME,MAT
2,Phrase,WELCOME ABOARD
2,People,WELL-WISHERS
2,Food and Drink,WHEAT GERM
2,Thing,WHEELED,LUGGAGE
2,Food &amp; Drink,WHITE,PEPPER
2,Before &amp; After,WHITE,HOUSE,DRESSING
2,Food &amp; Drink,WHITE BEAN,CHILI
2,Book Title,WHITE FANG
2,WHITTY,ONE-LINERS
2,Thing,WHODUNIT,MYSTERY
2,Food &amp; Drink,WHOLE,GRAIN
2,On The Map,WICHITA,KANSAS
2,Fictional Character,WICKED,WITCH
2,Phrase,WIGGLE,ROOM
2,Rhyme Time,WILD CHILD
2,Place,WILDFIRE,REFUGE
2,People,WILLING,PARTICIPANTS
2,Thing,WIND,POWER
2,Things,WINDOW,SEATS
2,Around The House,WINE,BOTTLE
2,Things,WINE,CARAFES
2,Thing,WINE,MENU
2,People,WINNERS,CIRCLE
2,Event,WINTER,VACATION
2,Things,WISECRACKS
2,Phrase,WISH ME LUCK
2,Proper Name,WOLFGANG,AMADEUS MOZART
2,Fictional Character,WONDER,GIRL
2,Around The House,WOOD,GLUE
2,Person,WOODCARVER
2,Things,WOODEN,CLOGS
2,Living Thing,WOODPECKER
2,Place,WOODSHED
2,Event,WOODSTOCK
2,Thing,WOODSY,AROMA
2,Thing,WOOL,HAT
2,Person,WORKAHOLIC
2,People,WORKING,STIFFS
2,Thing,WORKOUT
2,Thing,WORKSHOP
2,Living Thing,WORM
2,Person,WORRYWART
2,People,WRECKING,CREW
2,Thing,WRISTWATCH
2,Thing,WRITER'S,BLOCK
2,Place,YACHT HARBOR
2,What Are You Doing,YAWNING
2,Event,YEAR-END,CLEARANCE SALE
2,Thing,YOGA
2,Thing,YOGA,POSE
2,Food &amp; Drink,YORKSHIRE,PUDDING
2,Phrase,YOU CAN DO IT
2,Phrase,YOU'RE GOOD TO,GO
2,Thing,YOUNG,LOVE
2,Phrase,YOUNG AT HEART
2,On The Map,YUMA,ARIZONA
2,Fictional Character,ZOMBIES
2,Occupation,ZOOKEEPER
2,Phrase,ZOOM,IN
2,Fictional Character,ZORRO
2,Event,FALSE,ALARM
2,Rhyme Time,TRUE,BLUE
2,Phrase,ADULTS GET,IN AT THE KIDS,PRICE
2,Living Thing,AFGHAN,HOUND
2,Thing,AMINO,ACID
2,Thing,AUDIO BOOK
2,Living Things,BABY,CHICKS
2,Around The House,BABY,WIPES
2,Thing,BABY,BOOTIES
2,Things,BEAUTY,TRIPS
2,Thing,BEESWAX
2,Person,BIKE,RIDER
2,Person,BOXING,CHAMPION
2,Food &amp; Drink,BULK,CANDY
2,Occupation,CAKE,DECORATOR
2,Thing,CALLIGRAPHY
2,Thing,CATWALK
2,Person,CELEBRATED,BROADWAY,ACTRESS
2,Person,CELEBRITY,JUDGE
2,Food &amp; Drink,CEVICHE
2,Proper Name,CHICAGO,CUBS
2,Living Thing,CHIPMUNK
2,Classic TV,CHIPS
2,Person,CHOIRBOY
2,Person,CLASSIC TV,BUFF
2,Around The House,COMFY,SOFA
2,Title,CONSUMER,REPORTS
2,Event,DAYBREAK
2,Thing,DREAM,JOB
2,Around The House,DRIPPING,FAUCET
2,People,EAGER,HOPEFULS
2,In The Kitchen,EGG,SPOON
2,Proper Name,ELIJAH,WOOD
2,Things,EVEN,NUMBERS
2,Phrase,EXCITING,STORY
2,Place,FAIRGROUND
2,Phrase,FAT CHANCE
2,People,FLIGHT,CREW
2,Phrase,FLUFF &amp; FOLD
2,Thing,FORWARD,PASS
2,Fictional Character,FREDDY,KRUEGER
2,Person,FREETHINKER
2,Thing,FREIGHT,CAR
2,Occupation,GEOLOGIST
2,Phrase,GO FOR BROKE
2,What Are You Doing,GOING,SKYDIVING
2,Phrase,GOOD,GRIEF
2,Food &amp; Drink,GRILLED,PINEAPPLE
2,Event,HAVING A BABY
2,Event,HAWAIIAN,LUAU
2,What Are You Doing,HEAPING,PRAISE
2,Phrase,HISTORY IN THE,MAKING
2,Rhyme Time,HOCUS-POCUS
2,Place,HOME,OFFICE
2,Thing,HOUSEHOLD
2,Phrase,I DOZED OFF
2,Things,INGENIOUS,IDEA
2,Living Things,IRISH,WOLFHOUND
2,People,JOGGERS
2,Thing,KNOWLEDGE
2,Event,KWANZAA
2,Phrase,LADIES,FIRST
2,Rhyme Time,LEGAL,EAGLE
2,Thing,LUGGAGE,TAG
2,Food &amp; Drink,MANGO,CHUNKS
2,Proper Name,MATTHEW,BRODERICK
2,Proper Name,MAYA,ANGELOU
2,Thing,MORNING,FOG
2,Proper Name,MR.,OLYMPIA
2,Things,MUD,FLAPS
2,Phrase,NIP AND TUCK
2,Occupation,OFFICE,CLERK
2,Phrase,OUT LIKE A,LIGHT
2,Food &amp; Drink,OXTAIL,SOUP
2,Living Thing,PEKINGESE
2,Food &amp; Drink,PINTO,BEANS
2,What Are You Doing,PLAYING THE,PIANO
2,Thing,PLYWOOD
2,What Are You Doing,POCKETING A,PROFIT
2,Place,POPPY,FIELD
2,Place,POST,OFFICE
2,Living Thing,PRAIRIE,DOG
2,Person,PROUD,FATHER
2,Food &amp; Drink,PUMPKIN,BREAD
2,Phrase,ROYAL,BLOOD
2,Around The House,SCENTED HAND,SOAP
2,Living Thing,SCORPION
2,Events,SCRIMMAGE
2,Phrase,SECOND,CHILDHOOD
2,Show Biz,SHOOTING,SCRIPT
2,What Are You Doing,SIPPING,TEA
2,Thing,SOLAR,POWER
2,Fictional Character,THE ABOMINABLE,SNOWMAN
2,Person,THE BIG KAHUNA
2,Things,THUMBTACKS
2,Proper Name,TOBY,MAGUIRE
2,Landmark,TRAFALGAR,SQUARE
2,Place,UNIVERSITY,LIBRARY
2,People,URBANITES
2,Thing,WEB,BROWSER
2,People,WOODWIND,SECTION
2,Proper Name,WOODY,ALLEN
2,What Are You Doing,WORKING UP A,SWEAT
2,Place,WORKPLACE
2,Phrase,WORTH EVERY,PENNY
2,Phrase,YOU DON'T FOOL,ME
2,People,YOUNG,ADULTS
2,Fictional Character,ZEUS
2,Classic Movies,ZORBA THE,GREEK
2,Occupation,FACULTY,ADVISOR
2,Person,LEFT,FEILDER
2,People,COWBOYS
2,Food &amp; Drink,CURRIED,NUTS
2,Place,BEAUTY,PALOR
2,Event,ENGAGEMENT,PARTY
2,Proper Name,BETTE,MIDLER
2,Person,GOURMET,CHEF
2,Person,NATURE,LOVER
2,Event,WORLD CUP,SOCCER
2,Thing,FAST,FORWARD
2,Food &amp; Drink,ORANGE,MARMALADE
2,Thing,CLAIM,CHECK
2,Fictional Character,HUMPTY,DUMPTY
2,Things,HULL AND,RUDDER
2,Food &amp; Drink,STEAK AND EGGS
2,Food &amp; Drink,RIPE,AVOCADOS
2,Food &amp; Drink,SUGAR,CUBES
2,Thing,MUSICAL,OCTAVE
2,People,HUMAN,RACE
2,Thing,VACATION,PACKAGE
2,Food &amp; Drink,BOILED,CABBAGE
2,Fictional Character,OBI-WAN,KENOBI
2,Fictional Character,GARGOYLE
2,Things,BALANCE AND,PROPORTION
2,Food &amp; Drink,CINNAMON,ROLLS
2,Food &amp; Drink,HOT TATER TOTS
2,Phrase,KEEPING IT,REAL
2,Thing,CHALKBOARD
2,What Are You Doing,BITING MY,TONGUE
2,Thing,ACHILLES,HEEL
2,Event,YARD,SALE
2,On The Map,CINCINNATI,OHIO
2,Around The House,DESK,CHAIR
2,Thing,ORIGAMI
2,Food &amp; Drink,KUMQUAT
2,In The Kitchen,SOUP,LADLE
2,Place,CANDY,COUNTER
2,Food &amp; Drink,APPLE,JUICE
2,Proper Name,MIAMI,DOLPHINS
2,Event,SHINDIG
2,Around The House,DOORSTOP
2,Things,HIGH,MARKS
2,Fun &amp; Games,RINGTOSS
2,Proper Name,LOUIS,VUITTON
2,In The Kitchen,GRAVY,BOAT
2,Thing,STEADY,WORK
2,People,VISITING,TEAM
2,Fun &amp; Games,JIGSAW,PUZZLE
2,Title,SOUTHERN,LIVING
2,Food &amp; Drink,SEAFOOD,TETRAZZINI
2,Living Thing,AFRICAN,VIOLET
2,People,UNION,MEMBERS
2,Person,BASEBALL,SCOUT
2,Food &amp; Drink,PORK SHOULDER,RIBS
2,Thing,ENSEMBLE,PIECE
2,Title,THE UGLY,DUCKLING
2,Slogan,GOT,MILK?
2,In The Kitchen,ROTARY,GRATER
2,Thing,OPINION
2,Thing,POWDER,BRUSH
2,Thing,FEATHER,BOA
2,Event,VETERANS,DAY
2,Person,MAVEN
2,Fictional Character,CENTAUR
2,Place,PERFECT,VENUE
2,Occupation,FASHION,DESIGNER
2,Thing,OIL,WELL
2,Phrase,ONE SIZE FITS,ALL
2,Event,OPENING,CEREMONY
2,Thing,OUTBOARD,MOTOR
2,Living Thing,PACIFIC,WALRUS
2,Things,PANTYHOSE
2,Person,PATRIOTIC,CITIZEN
2,Fictional Character,PEGASUS
2,Thing,PERFECT,MATCH
2,Food &amp; Drink,PINE NUT,HUMMUS
2,What Are You Doing,PLAYING,CHECKERS
2,Thing,POGO,STICK
2,Thing,POINT OF VIEW
2,Thing,PONTOON,BOAT
2,Food &amp; Drink,PORK,CHOP
2,Person,PRODIGAL,SON
2,Phrase,PUPPY,LOVE
2,Person,QUICK,STUDY
2,Phrase,QUICK,RECOVERY
2,Thing,RUBBER,STAMP
2,Proper Name,SAMUEL L.,JACKSON
2,Thing,SCRAPHEAP
2,Occupation,SECURITY,GUARD
2,Thing,SELF-HELP,BOOK
2,Event,SHORT,VISIT
2,Food &amp; Drink,SHRIMP,TERIYAKI
2,Place,SNOW,IGLOO
2,Things,SOAPSUDS
2,In The Kitchen,STEAK,KNIVES
2,Place,STUDY,HALL
2,Place,STUDY,HALL
2,Landmark,SUEZ,CANAL
2,Proper Name,SUSAN B.,ANTHONY
2,Thing,SYNTHETIC,OIL
2,Thing,TAX,REFUND
2,Food &amp; Drink,TURKEY,BURGER
2,Proper Name,VAL,KILMER
2,Thing,VELOUR,JACKET
2,Proper Name,VICTORIA,BECKHAM
2,Place,VICTORIAN,HOME
2,Phrase,WHISKED,AWAY
2,Living Thing,WILD,ANIMAL
2,Around The House,WINDOWPANE
2,Place,WINE,CELLAR
2,Around The House,WOOD,BUREAU
2,Phrase,UP FOR GRABS
2,Person,DEBATE,COACH
2,TV Show Title,ENTOURAGE
2,Thing,PATIO,COVER
2,Rhyme Time,CHIP,CLIP
2,Place,NEIGHBORHOOD,PARK
2,Thing,POUND,sign
2,Landmark,THE BROOKLYN,BRIDGE
2,Thing,PAY,STUB
2,Place,BOUTIQUE,HOTEL
2,Thing,IGNITION,SWITCH
2,Phrase,EASY AS PIE
2,Food &amp; Drink,CANDIED,APPLE
2,Thing,GRACE,PERIOD
2,Food &amp; Drink,SALMON,PUFFS
2,Living Thing,AFRICAN,BUFFALO
2,On The Map,AKRON,OHIO
2,Place,AMISH,COUNTRY
2,Living Thing,ANTELOPE
2,On The Map,ARCTIC,OCEAN
2,Living Thing,BABY,KANGAROO
2,Thing,BANJO,MUSIC
2,Thing,BEACH,BAG
2,Thing,BOOKMARK
2,Occupation,BUILDING,MANAGER
2,Place,BUNKHOUSE
2,Proper Name,BURGER,KING
2,Event,BUSINESS,LUNCHEON
2,Thing,CANCELLED,CHECK
2,Song/Artist,CANDLE IN,THE WIND BY,ELTON JOHN
2,Event,CELEBRATION
2,Show Biz,CELEBRITY,BIOGRAPHY
2,Occupation,CHAUFFEUR
2,Proper Name,CHICAGO,BLACKHAWKS
2,Food &amp; Drink,CHOCOLATE,TRUFFLES
2,Food &amp; Drink,CHOCOLATE,BAR
2,Food &amp; Drink,COFFEE,BEANS
2,Thing,CONVERTIBLE
2,In The Kitchen,CORKSCREW
2,Food &amp; Drink,COTTON,CANDY
2,People,COYBOYS
2,Food &amp; Drink,CRAB,RAVIOLI
2,Food &amp; Drink,CRAB,LEGS
2,Proper Name,CRAZY,HORSE
2,Thing,DANCE,MUSIC
2,Event,DAVIS CUP,MATCH
2,Around The House,DOGGIE,DOOR
2,Living Thing,DOLPHIN
2,People,DRAFT,BOARD
2,In The Kitchen,DUTCH,OVEN
2,Around The House,EXERCISE,EQUIPMENT
2,People,FACULTY &amp;,STAFF
2,Thing,FAMILY,PHOTO
2,Quotation,FEE FI FO FUM
2,Phrase,FIXER-UPPER
2,Event,FLY-FISHING
2,Thing,FOLK,MUSIC
2,Food &amp; Drink,FRIED,PLANTAINS
2,Place,FRUIT,ORCHARD
2,Event,GALA,OPENING
2,Event,GARDENING
2,Thing,GRAVEYARD,SHIFT
2,Phrase,GRIN AND BEAR IT
2,Fictional Character,HELLO,KITTY
2,Place,INTERNATIONAL,AIRPORT
2,Event,JOB,INTERVIEW
2,Person,JOKESTER
2,Living Thing,KOMODO,DRAGON
2,Event,LEISERLEY,LUNCH
2,Food &amp; Drink,LOAF OF BREAD
2,Thing,LUCKY RABBIT'S,FOOT
2,Around The House,MAKEUP,BRUSH
2,Thing,MANDOLIN
2,Proper Name,MIAMI,DOLPHINS
2,Proper Name,MIAMI,HEAT
2,Place,MOUNTAIN,RETREAT
2,Thing,MUGGY,WEATHER
2,Food &amp; Drink,MUSHROOM,BROTH
2,Food &amp; Drink,NEW ENGLAND,CLAM CHOWDER
2,Thing,NIGHT,JOB
2,Place,NURSING,SCHOOL
2,Living Thing,MINIATURE,PINSCHER
2,Occupation,MUSEUM,CURATOR
2,Things,MUTUAL,FUNDS
2,Living Thing,OCTOPUS
2,Phrase,OLD,GLORY
2,Food &amp; Drink,PARMESAN,CHEESE
2,Food &amp; Drink,PEACH,COBBLER
2,Food &amp; Drink,PECAN STICKY,BUNS
2,Things,PHYSICAL,ATTRIBUTES
2,Food &amp; Drink,PIE,CRUST
2,Things,PLAYING,CARDS
2,Event,PRIVATE,TOUR
2,Food &amp; Drink,RASPBERRY,SMOOTHIE
2,Place,RIVERBANK
2,Proper Name,SALVATION,ARMY
2,Thing,SCORECARD
2,Food &amp; Drink,SHOESTRING,POTATOES
2,Event,SIGHTSEEING,TRIP
2,Place,SKATING,PARK
2,Rhyme Time,SNAIL,MAIL
2,Phrase,STICK TO IT
2,Occupation,STOCK,BROKER
2,Phrase,TAKE,FIVE
2,Phrase,TAKE A BOW
2,Thing,TAXICAB,FARE
2,Place,TEST,KITCHEN
2,Landmark,THE,SPHINX
2,Proper Name,THE,WHO
2,Classic TV,THE MUPPET,SHOW
2,Food &amp; Drink,TURKEY,STUFFING
2,Food &amp; Drink,TURKEY,BREAST
2,What Are You Doing,UNCLOGGING A,DRAIN
2,In The Kitchen,WAFFLE,IRON
2,Phrase,WATCH YOUR,STEP
2,Food &amp; Drink,WILD,RICE
2,Around The House,WOODEN,TABLE
2,Thing,ZIPPERED,JACKET
2,Place,COVERED,PATIO
2,Place,BUTCHER,SHOP
2,Place,HAUNTED,HOUSE
2,Thing,PEZ CANDY,DISPENSER
2,On The Map,LONDON,ENGLAND
2,Place,PHOTOGRAPHY,STUDIO
2,Place,LION'S,DEN
2,Fictional Character,LUCY AND LINUS
2,Fictional Character,WILE E. COTOTE
2,Proper Name,FORD,THUNDERBIRD
2,Proper Name,BIG,DIPPER
2,Thing,LIFE,JACKET
2,Phrase,TICKLED,PINK
2,Place,MASONIC,TEMPLE
2,Thing,HOUSEBOAT
2,Proper Name,PITTSBURGH,PIRATES
2,Landmark,THE HOLLYWOOD,SIGN
2,Phrase,IN FULL SWING
2,Place,EXOTIC,LOCAL
2,Thing,MOVING,VAN
2,In The Kitchen,SERVING,DISH
2,People,NEIGHBORS
2,Things,FACTS OF THE,CASE
2,Things,SIMPLE,DELIGHTS
2,Event,MASQUERADE,BALL
2,Event,SUNNY,AFTERNOON
2,Around The House,TACKLE,BOX
2,On The Map,QUEBEC,CANADA
2,Thing,MANNEQUIN
2,Person,GROOM
2,Place,ISLAND,OASIS
2,Around The House,INSECT,REPELLENT
2,People,MARCHING,BAND
2,Food,MUSHROOM
2,What Are You Doing,ALPHABETIZING,MY MOVIE,COLLECTION
2,Thing,ANCIENT,HISTORY
2,Event,AUTUMN,HARVEST
2,Living Thing,BABOON
2,Phrase,BABY ON BOARD
2,Phrase,BAFFLES ME
2,Fictional Character,BEAVER,CLEAVER
2,Proper Name,BIG,DIPPER
2,Thing,BODYBUILDING
2,On The Map,BOISE,IDAHO
2,Classic TV,BONANZA
2,Living Thing,BONSAI,TREE
2,Fictional Character,BOOGIEMAN
2,Place,BROOM,CLOSET
2,Things,CARGO,PANTS
2,Landmark,CARNEGIE,HALL
2,Thing,CARPOOL
2,Event,CHARITY,AUCTION
2,Proper Name,CHICAGO,BEARS
2,Event,CINCO DE MAYO
2,Proper Name,CLEOPATRA
2,Food &amp; Drink,CRISPY,BACON
2,Living Things,DACHHOUNDS
2,Thing,DIRECT,DEPOSIT
2,Classic Movie,DOCTOR,ZHIVAGO
2,Book Title,EAST OF EDEN
2,Thing,EXCITING,NIGHTLIFE
2,Thing,EYE,SHADOW
2,Place,FAVORITE,HAUNT
2,Living Thing,FRENCH,BULLDOG
2,Food &amp; Drink,GARLIC,CLOVE
2,Place,GOURMET,SHOP
2,Food &amp; Drink,GRATED,NUTMEG
2,Living Thing,GRAY,WOLF
2,Living Thing,GREAT WHITE,SHARK
2,Phrase,HANGING,OUT
2,What Are You Doing,HAVING A,PICNIC
2,Person,HEAD,HONCHO
2,Person,HOLLYWOOD,INSIDER
2,Person,HOMBRE
2,People,HOME,OWNERS
2,Place,HOME,PLATE
2,In The Kitchen,IODIZED,SALT
2,Person,JAZZ,MUSICIAN
2,Person,JUNIOR,EXECUTIVE
2,Thing,LEARNING,CURVE
2,Phrase,LUCKY,NUMBERS
2,Fictional Character,LUKE,SKYWALKER
2,Proper Name,MILWAUKEE,BUCKS
2,Fictional Characters,DYNAMIC,DUO
2,Event,JURY,SELECTION
2,Food &amp; Drink,QUICHE,LORRAINE
2,Occupation,REGISTERED,NURSE
2,Living Thing,TOY,POODLE
2,Classic TV,MIAMI,VICE
2,Things,MONTHLY,MAGAZINES
2,Living Things,MOUNTAIN,GOATS
2,Things,MYTHS &amp; FABLES
2,Fictional Character,NICK,FURY
2,Place,OFF-CAMPUS
2,Fictional Character,OLD KING COLE
2,Thing,ON-LINE,COURSE
2,Phrase,OVER THE TOP
2,Person,PACK,RAT
2,Fictional Character,PETER,RABBIT
2,Person,PHILOSOPHER
2,People,PIT,CREW
2,Fictional Character,POLLYANNA
2,In The Kitchen,POWER,JUICER
2,Things,RAIN,CLOUDS
2,Food &amp; Drink,RED-LEAFED,CHICORY
2,People,REGISTERED,VOTERS
2,Living Thing,RHINOCEROS
2,On The Map,RHODE,ISLAND
2,Food &amp; Drink,ROMANIAN,NOODLES
2,Living Thing,ROSE,BUSH
2,What Are You Doing,RUNNING,AMOK
2,People,SAVVY,BUYERS
2,Occupation,SHIPPING,CLERK
2,Food &amp; Drink,SHRIMP,TEMPURA
2,Occupation,SINGING,WAITER
2,Classic Movies,SOME COME,RUNNING
2,Food &amp; Drink,SPICY,MEATBALLS
2,Place,SPRAWLING,CITY
2,Food &amp; Drink,TAPIOCA,PUDDING
2,On The Map,THE GULF COAST
2,Event,TRAVEL,EXPO
2,Family,TWIN,SISTERS
2,People,USHERS
2,Thing,VARIABLE,STAR
2,Thing,VICTORY,DANCE
2,Classic Movies,VIVA LAS VEGAS
2,On The Map,WAIKIKI,BEACH
2,What Are You Doing,WEARING A KILT
2,FIctional Character,WISE OLD OWL
2,Fictional Character,WONDER,WOMAN
2,Thing,YOGA-MAT
2,People,YOUNG,COUPLE
2,Thing,ALPHABETICAL,LIST
2,Fictional Character,AQUAMAN
2,Living Thing,BABY,ALLIGATOR
2,Food &amp; Drink,BAKED,LASAGNA
2,Place,BARNYARD
2,Things,BEAUTY,TIPS
2,Thing,BICYCLE,SEAT
2,Food &amp; Drink,BLACKBERRY,JAM
2,Around The House,BOOKSHELF
2,Place,BOXING,RING
2,Food &amp; Drink,BREAKFAST,BURRITO
2,Person,BRIDE-TO-BE
2,Food &amp; Drink,BROILED,MUSHROOMS
2,Thing,CALMING,EFFECT
2,People,CHAIN OF,COMMAND
2,Food &amp; Drink,CHAMPAGNE
2,Food &amp; Drink,CHERRY,CHEESECAKE
2,Proper Name,CHEVY,MALIBU
2,Food &amp; Drink,CHICKEN,PAPRIKA
2,Show Biz,CHOREOGRAPHER
2,Thing,CHURCH,PEW
2,Event,CLOSING,TIME
2,Thing,COAT,RACK
2,Thing,COAT OF ARMS
2,Person,CONCERT,VIOLINIST
2,Proper Name,DAVID,DUCHOVNY
2,Occupation,DENTAL,ASSISTANT
2,Thing,DESIGNER,HANDBAG
2,Occupation,DISC,JOCKEY
2,Thing,DOGSLED
2,Things,DOUBLE,COUPONS
2,Phrase,FLIGHT OF,FANCY
2,Person,FRENCH,CANADIAN
2,Food &amp; Drink,FRIED,ONIONS
2,Place,GENERAL,STORE
2,Thing,GIFT,BASKET
2,Person,GOOD,SPORT
2,Person,GRADUATE,STUDENT
2,Occupation,GRAPHIC,DESIGNER
2,Proper Name,GUGGENHEIM,MUSEUM
2,Around The House,HALOGEN,LAMP
2,Phrase,HARD AT WORK
2,Things,HAZY,SKIES
2,On The Map,HELSINKI,FINLAND
2,Phrase,HOLD YOUR,HORSES
2,Phrase,HOLY,SMOKES!
2,Fun &amp; Games,HOPSCOTCH
2,Food &amp; Drink,HOT,CHOCOLATE
2,Occupation,HOTEL,CLERK
2,Quotation,JACK BE NIMBLE
2,Proper Name,JERRY,SEINFELD
2,Proper Name,JOHN,MALKOVICH
2,Living Things,KODIAK,BEARS
2,Proper Name,LISA,KUDROW
2,Fictional Character,LONG JOHN,SILVER
2,Things,LOVE,LETTERS
2,Person,LOYAL,VIEWER
2,Occupation,MAKEUP,ARTIST
2,Food &amp; Drink,AHI TUNA SALAD
2,Classic Movies,AMERICAN,BEAUTY
2,Thing,ANAGRAM,MOUNTAINS
2,Occupation,ARCHIVIST
2,Living Thing,BALD,EAGLE
2,Food &amp; Drink,BBQ,PORK
2,Thing,BIOLOGY
2,On The Map,BORDEAUX,FRANCE
2,Phrase,BUTT,OUT
2,Food &amp; Drink,BUTTERED,CROISSANT
2,Food &amp; Drink,CAJUN,CUISINE
2,Things,CIRCULAR,SAW
2,Place,CIVIC,CENTER
2,Things,COMPANY,PAYROLL
2,Classic Movies,COOL HAND,LUKE
2,Phrase,COP,OUT
2,People,CUB,SCOUTS
2,What Are You Doing,DAYDREAMING
2,Thing,DOUGHNUT,HOLE
2,Food &amp; Drink,EAR OF CORN
2,Things,EDUCATED,GUESS
2,Food &amp; Drink,EGG,BREAD
2,People,EXTENDED,FAMILY
2,Phrase,FILTHY,RICH
2,Living Things,FIRE,ANTS
2,Living Thing,FOXHOUND
2,Fictional Character,FRANKENSTEIN
2,Person,FUNNY,CLOWN
2,Living Thing,GERMAN,SPITZ
2,Phrase,GUTSY,MOVE
2,Living Thing,HARP,SEAL
2,Food &amp; Drink,HASS,AVOCADOS
2,Thing,HIDDEN,AGENDA
2,Living Thing,KANGAROO,RAT
2,Things,KNEEPADS
2,Landmark,LAKE,MEAD
2,Song Title,LAKE,BAMBA
2,Thing,LATEX,PAINT
2,Thing,LEGAL,TENDER
2,Things,LICENSE,PLATE
2,Living Thing,LOGGERHEAD,TURTLE
2,Thing,MELTING,POT
2,Things,NAME,TAG
2,Occupation,NEWS,EDITOR
2,Things,ORIGINAL,ARTWORK
2,Things,OSTRICH,EGGS
2,On The Map,PATAGONIA
2,People,POLITICAL,PUNDITS
2,Person,POWER,PITCHER
2,On The Map,PUGET,SOUND
2,Place,SECRET,HIDEAWAY
2,Person,SHORTSTOP
2,Thing,SHRINK-WRAP
2,Thing,SILK,FABRIC
2,Things,SOUND,BITES
2,Things,SPRAY,PAINT
2,Thing,SPRAY,PAINT
2,Things,STOCKING,STUFFERS
2,In The Kitchen,STOCKPOT
2,What Are Doing,STUBBING MY TOE
2,Things,SUBWAY,GRATE
2,Living Thing,SUGARCANE
2,People,TASTE,TESTERS
2,Classic Movies,THE,EXORCIST
2,Landmark,TOKYO'S,IMPERIAL,PALACE
2,Event,TOTAL,SHUTDOWN
2,Thing,TURQUOISE,RING
2,Event,VICTORY,CELEBRATION
2,Food &amp; Drink,WHOLE-WHEAT,FLOUR
2,Food &amp; Drink,WHOPPER,JR.
2,Food &amp; Drink,WONTON,SOUP
2,Around The House,WRITING A LOVE,LETTER
2,Things,ZODIAC,SIGNS
2,Living Thing,ANGORA,CAT
2,Person,ARMED,GUARD
2,Food &amp; Drink,BAKED,ZITI
2,Fictional Character,BART,SIMPSON
2,Around The House,BATHROOM,FIXTURES
2,Person,BEST,BUDDY
2,On The Map,CALIFORNIA
2,Proper Name,CALVIN,KLEIN
2,Occupation,CAMERAMAN
2,Thing,CAPTIVATING,STORY
2,Thing,CARAVAN
2,Food &amp; Drink,CHICKEN,CACCIATORE
2,Place,CIVIC,AUDITORIUM
2,Food &amp; Drink,CORN,FLAKES
2,Things,CRASHING,CYMBALS
2,Thing,CYBERSPACE
2,Food &amp; Drink,DILL,PICKLE
2,Thing,GRAPEVINE
2,Person,HEAVY,HITTER
2,Person,HULA,DANCER
2,Phrase,IN FULL,BLOOM
2,Thing,INDEX,CARD
2,On The Map,IOWA CITY IOWA
2,TV Show Title,IRON CHEF,AMERICA
2,Living Thing,JAPANESE,AKITA
2,Place,JAZZ,CLUB
2,Food &amp; Drink,JELLY,BEANS
2,Phrase,JUMP FOR JOY
2,Thing,KICKSTAND
2,Around The House,LAUNDRY,DETERGENT
2,On The Map,LEXINGTON,KENTUCKY
2,Event,LIVE,INTERVIEW
2,Phrase,LOCAL,COLOR
2,On The Map,MADAGASCAR
2,Living Thing,MEADOWLARK
2,On The Map,MEXICO,CITY
2,Thing,MINIBAR
2,Thing,MOBILE,PHONE
2,Fictional Character,MOTHER,GOOSE
2,Thing,MOUNTAIN,BIKE
2,Show Biz,MOVIE,SCREENING
2,Place,NEARBY,BOOKSHOP
2,Food &amp; Drink,PAT OF BUTTER
2,Place,PLANETARIUM
2,People,PROUD,FAMILY
2,Food &amp; Drink,QUESADILLAS
2,Living Thing,ROSE,BUSH
2,Landmark,SHEA,STADIUM
2,Food &amp; Drink,SOUP BREAD,BOWL
2,Living Thing,SPRINGER,SPANIEL
2,Event,SUMMIT,MEETING
2,Things,SUNNY,SKIES
2,People,TEXANS
2,Book Title,THE GREAT,GATSBY
2,Occupation,TRAFFIC,COP
2,Living Thing,VAMPIRE,BAT
2,Things,VISITING,HOURS
2,Phrase,WIDE-AWAKE
2,Thing,MIRROR,IMAGE
2,Classic TV,MISTER,ED
2,Thing,MODELING,CLAY
2,Thing,MOVIE,TRIVIA
2,Event,MUSIC,RECITAL
2,On The Map,NOVA,SCOTIA
2,Place,OFFICE,CUBICLE
2,Family,OLDER,BROTHER
2,Phrase,ONE FOR THE,MONEY TWO FOR,THE SHOW
2,Landmark,PANAMA,CANAL
2,Landmark,PENNSYLVANIA,AVENUE
2,Place,PETTING,ZOO
2,Place,PLANTED,FOREST
2,Around The House,POLISHING,WAX
2,Thing,POTTING,SOIL
2,Person,PROFESSIONAL,CYCLIST
2,Event,RECORDING,SESSION
2,Place,ROOFTOP,PATIO
2,What Are You Doing,RUNNING A MILE
2,Around The House,SCENTED,CANDLE
2,Thing,SHIRT,COLLAR
2,Food &amp; Drink,SHRIMP,SCAMPI
2,On The Map,SIOUX CITY,IOWA
2,Rhyme Time,SNEAK,PEEK
2,Person,SNOWBOARDER
2,Song Title,SOUND OF,SILENCE
2,On The Map,SOUTH,AFRICA
2,Things,SPEED,BUMPS
2,Thing,SUBSCRIPTION
2,Thing,SUBWAY,TOKEN
2,Occupation,SYNDICATED,COLUMNIST
2,Thing,TEAM,MASCOT
2,Phrase,TIE THE KNOT
2,On The Map,TOLEDO,OHIO
2,Landmark,TOWER OF,LONDON
2,Thing,TRAFFIC,MEDIAN
2,Thing,TRAVEL,GUIDE
2,Person,TRAVEL,COMPANION
2,Place,VIDEO,ARCADE
2,People,WISE,FOLKS
2,Living Thing,WOODCHUCK
2,Event,WORLD'S,FAIR
2,Fictional Character,YOSEMITE,SAM
2,Occupation,ADVERTISING,EXECUTIVE
2,Thing,AIR,PURIFIER
2,Things,ANKLE,SOCKS
2,Event,ARTS,FESTIVAL
2,Proper Name,ATLANTA,BRAVES
2,Phrase,BAKERS,DOZEN
2,Food &amp; Drink,BOILED,BEANS
2,Event,BON VOYAGE,PARTY
2,Place,BRICK,HOUSE
2,Thing,CANTEEN
2,On The Map,CAPE,COD
2,Food &amp; Drink,CHEESE,DANISH
2,Thing,CLASSIFIED,AD
2,Place,CORNER,DELI
2,Proper Name,DENVER,BRONCOS
2,Food &amp; Drink,DOUBLE FUDGE,BROWNIE
2,Phrase,EASY,MONEY
2,Person,FAMOUS,PLAYWRIGHT
2,Place,FOOD,BANK
2,Occupation,GAME,WARDEN
2,Place,GAS,STATION
2,Phrase,GOING,BANANAS
2,On The Map,GRANADA,SPAIN
2,Family,GRANDSON
2,Event,GROUNDHOG,DAY
2,Thing,HOME,SCHOOLING
2,Place,HOUSING,PROJECT
2,Proper Name,HUGO,BOSS
2,Thing,HYBRID,VEHICLE
2,Phrase,I REST MY CASE
2,Event,ICE,FISHING
2,Things,IDLE,HANDS
2,Food &amp; Drink,JALAPINO,PEPPERS
2,Phrase,JOG MY MEMORY
2,Thing,KEROSENE,LAMP
2,Food &amp; Drink,KEY LIME PIE
2,Living Thing,LARGEMOUTH,BASS
2,Thing,LAWN,MOWER
2,Phrase,LEGEND IN,THE MAKING
2,Person,LOCAL,HERO
2,Things,MAGIC,TRICKS
2,Thing,MINUTE,HAND
2,On The Map,ATLANTA,GEORGIA
2,Phrase,BIRD'S EYE,VIEW
2,Place,CUL-DE-SAC
2,Person,EFFICIENCY,EXPERT
2,Things,FLY-FISHING,LURE
2,On The Map,HAVANA,CLUB
2,Things,JOINT,VENTURE
2,Proper Name,JULIA,ROBERTS
2,Things,MUSTARD
2,Proper Name,NEIL,DIAMOND
2,Event,OCEAN,VOYAGE
2,Phrase,ON THE REBOUND
2,Place,OVAL,OFFICE
2,In The Kitchen,PUNCH,BOWL
2,Proper Name,RALPH,LAUREN
2,Food &amp; Drink,ROASTED,VEGETABLES
2,Food &amp; Drink,SAVORY,SAUCES
2,Around The House,SEWING,MACHINE
2,Food &amp; Drink,SOUR,CHERRIES
2,Phrase,SPRING,FEVER
2,Classic tv,THE,MUNSTERS
2,Event,VOLLEYBALL
2,Event,PIE-EATING,CONTEST
2,Things,LUCKY,COIN
2,Things,GYM,SOCKS
2,Things,MOONBEAM
2,Food &amp; Drink,BISCUITS &amp;,GRAVY
2,Person,HEADMASTER
2,Occupation,VOICE,TEACHER
2,Phrase,ACT YOUR AGE
2,Person,THE BIG CHEESE
2,Place,PRODUCE,SECTION
2,Food &amp; Drink,FLOUR,TORTILLAS
2,Person,MAD,SCIENTIST
2,Event,FAMILY,DINNER
2,Phrase,MIND OVER,MATTER
2,Things,VITAMIN,C
2,Phrase,CURB,APPEAL
2,People,ATTRACTIVE,COUPLE
2,Things,ARTS &amp; CRAFTS
2,Place,SNOW,LODGE
2,People,NEW,NEIGHBORS
2,Proper Name,FEDERAL,EXPRESS
2,Event,LIVE,ENTERTAINMENT
2,Things,MARRIAGE,PROPOSAL
2,Food &amp; Drink,CHINESE,DUMPLINGS
2,Things,KIMONO
2,Proper Name,FORD MUSTANG,GT
2,In The Kitchen,ICE CUBE TRAY
2,Fun &amp; Games,FANTASY,FOOTBALL
2,Event,RAFFLE
2,Landmark,WINCHESTER,CATHEDRAL
2,Around The House,IRONING,BOARD
2,Phrase,HEALTHY,GLOW
2,Phrase,LOVE IS BLIND
2,People,LOYAL,FRIENDS
2,Thing,MALE,BONDING
2,Event,MATINEE,MOVIE
2,Food &amp; Drink,MATZO,MEAL
2,Food &amp; Drink,MEATBALL,SOUP
2,Living Things,MONGOOSE
2,On The Map,MONTEGO,BAY
2,On The Map,NEWARK NEW,JERSEY
2,Phrase,NICE AND WARM
2,Thing,OLIVE,BRANCH
2,Fictional Character,OLIVER,TWIST
2,People,OLYMPIC,GYMNASTS
2,Thing,OPINION,POLL
2,Event,OVERNIGHT,SUCCESS
2,Fictional Character,PAC-MAN
2,Thing,PEACE,SIGN
2,Classic TV,PEBBLES &amp;,BAMM-BAMM
2,Food &amp; Drink,PEPPERONI,PIZZA
2,Food &amp; Drink,PESTO,SAUCE
2,Song Title,PIANO,MAN
2,Around The House,PICTURE,FRAME
2,Fictional Character,PIGLET &amp;,EEYORE
2,Phrase,PLAYING IT,COOL
2,Around The House,POCKET,COMB
2,Phrase,POKER,FACE
2,Living Things,PONDEROSA,PINE
2,Things,PRESIDENTIAL,ARCHIVES
2,Thing,PRICKLY,PEAR
2,Occupation,PRIEST
2,Thing,PRIVATE,YACHT
2,Place,PRIVATE,BEACH
2,Thing,PSYCHEDELIC,IMAGE
2,Event,PSYCHIC,READING
2,Event,PUBLIC,FORUM
2,Phrase,QUITTING,TIME
2,Event,RUMMAGE,SALE
2,Show Biz,RUNNING,GAG
2,On The Map,SAN JOSE,CALIFORNIA
2,Around The House,SATIN,SHEETS
2,Place,SECURITY,CHECKPOINT
2,What Are You Doing,SHOOTING,HOOPS
2,Show Biz,SKETCH,COMEDY
2,Place,SKI,LODGE
2,Before &amp; After,SNOW,WHITE,AS A SHEET
2,Food &amp; Drink,SPINACH,SALAD
2,Event,SPRING,BREAK
2,People,SQUADRON
2,Rhyme Time,SUN AND FUN
2,What Are You Doing,TAKING A WEEK,OFF
2,Classic Movies,THE,SHINING
2,Phrase,THE BIG APPLE
2,Song Title,TICKET TO RIDE
2,Food &amp; Drink,TOASTED,BAGEL
2,What Are You Doing,TRAVELING,INCOGNITO
2,Person,TRIATHLON,COACH
2,Place,VANTAGE,POINT
2,Food &amp; Drink,VEAL,CASSEROLE
2,Person,VEGAN,CHEF
2,Phrase,WALK THE PLANK
2,Things,WEDDING,PHOTOS
2,Event,WEEKEND,LEAVE
2,Food &amp; Drink,WESTERN,OMELET
2,Things,WIND,CHIMES
2,Person,AN OLD GRUMP
2,Proper Name,ASHTON,KUTCHER
2,Person,AVID,READER
2,Living Things,BABY,GIRAFFE
2,Fictional Character,BATMAN AND,ROBIN
2,Food &amp; Drink,BBQ BAKED,BEANS
2,Thing,BEAR,HUG
2,Food &amp; Drink,BOILED,EGGS
2,Event,BOXING,MATCH
2,Things,BRACES
2,Living Things,BUNNIES &amp;,CHICKS
2,Food &amp; Drink,BURGER &amp; FRIES
2,Proper Name,CARLOS,SANTANA
2,Thing,CHAIN,SAW
2,Thing,CITY,SKYLINE
2,Thing,COACH,BAG
2,Place,CONVENIENT,LOCATION
2,Event,COOKING,CONTEST
2,Food &amp; Drink,CORNMEAL,MUSH
2,Person,COURT,JESTER
2,Food &amp; Drink,CRANBERRY,RELISH
2,Phrase,CRYSTAL,CLEAR
2,Thing,CUFF,LINK
2,Food &amp; Drink,DARK,CHOCOLATE
2,Proper Name,DENNIS,QUAID
2,Fictional Character,DICK,TRACY
2,Occupation,DOG,GROOMER
2,Proper Name,DOLLY,PARTON
2,Thing,DOUBLE,DRIBBLE
2,Person,DRUMMER
2,Thing,E-BOOK
2,Thing,ESCAPE,KEY
2,TV Title,FAMILY,FUED
2,Proper Name,FELICITY,HUFFMAN
2,Food &amp; Drink,FIG,NEWTONS
2,Event,FILM,FESTIVAL
2,Occupation,FINANCIAL,ANALYST
2,Thing,FINGERPRINT
2,Occupation,FLIGHT,ATTENDANT
2,People,FOOTBALL,TEAM
2,Living Things,FRESH CUT,FLOWERS
2,Thing,FULL,STOMACH
2,Place,FUN,HOUSE
2,Phrase,GET A GRIP
2,Thing,GLOBAL,ECONOMY
2,Around The House,GLUE,STICK
2,Around The House,HAIR,RIBBONS
2,What Are You Doing,HAVING A BALL
2,Place,HEALTH,CLUB
2,Person,HOUSE GUEST
2,Phrase,I DARE NOT SAY
2,Event,ICE,STORM
2,Food &amp; Drink,ITALIAN,SAUSAGE
2,Slogan,JUST DO IT
2,Fictional Character,KING,KONG
2,Occupation,LANDSCAPER
2,Place,LOCAL,HANGOUT
2,Phrase,BOTTOM'S,UP
2,Proper Name,CHRIS,ROCK
2,Event,FAMILY,VACATION
2,Living Thing,FLYING,SQUIRREL
2,Thing,HUMIDITY
2,On The Map,LAREDO,TEXAS
2,Occupation,PARAMEDIC
2,Thing,ROAD,TRIP
2,Classic TV,SEINFELD
2,Things,THE FIVE,SENSES
2,Place,VICTORIAN,BUILDING
2,Thing,BLOOD,TEST
2,Place,CAMPGROUND,SITE
2,Food &amp; Drink,CHERRY,LEMONADE
2,Food &amp; Drink,CHERRY,POPSICLE
2,Thing,COPYRIGHT
2,Place,COVERED,PORCH
2,Thing,DISCO,MUSIC
2,People,EXPANSION,TEAM
2,Living Things,FRESHWATER,FISH
2,Around The House,GARDEN,TOOLS
2,TV Title,GENERAL,HOSPITAL
2,Classic TV,HOLLYWOOD,SQUARES
2,Food &amp; Drink,HOT,TAMALES
2,Food &amp; Drink,HOT,SAUCE
2,Classic TV,IRONSIDE
2,Around The House,MAGAZINE,RACK
2,Living Things,MANATEE
2,Things,PATRIOTIC,COLORS
2,People,PEER,GROUP
2,Living Things,PUREBRED,DOGS
2,People,STUDENT,BODY
2,Living Things,TIGER,CUBS
2,Thing,TRAFFIC,SIGNAL
2,Event,TURNING,POINT
2,Around The House,BIRDBATH
2,Things,BONGO,DRUMS
2,Things,BOX OF CRAYONS
2,Person,BRAINIAC
2,In The Kitchen,BREAKFAST,NOOK
2,Phrase,DESIGN
2,Proper Name,DETROIT,LIONS
2,Thing,FINE,ART
2,Proper Name,HOLY,GRAIL
2,What Are You Doing,HONING MY,SKILLS
2,Event,INCLEMENT,WEATHER
2,Thing,INSIDE,JOKE
2,Food &amp; Drink,ORANGE,SOUP
2,Occupation,PLASTIC,SURGEON
2,Phrase,PLAY,BALL
2,Thing,POWDER,BLUSH
2,Show Biz,ROMANTIC,COMEDY
2,Thing,SELECTIVE,HEARING
2,Thing,SPECIAL,PROJECT
2,Place,SWIMMING,POOL
2,Thing,TAKE-HOME,PAY
2,On The Map,TAMPA,FLORIDA
2,People,TWIN,GIRLS
2,Event,VACATION WITH,PAY
2,Thing,ANAGRAM
2,Person,ARMY,COLONEL
2,People,BOWLING,TEAM
2,Thing,BRIGHT,FUTURE
2,Classic Movies,BULL,DURHAM
2,Living Thing,BUTTERFLY
2,Proper Name,CHRISTINA,RICCI
2,People,CLOSE-KNIT,FAMILY
2,Proper Name,DUNKIN,DONUTS
2,Place,FARMHOUSE
2,Classic Movies,FUNNY,GIRL
2,Thing,GRAND,PRIZE
2,Phrase,HEAVEN ON,EARTH
2,Thing,HOUSE,MUSIC
2,Thing,KARATE,CHOP
2,Place,LOCKER,ROOM
2,Place,LOCKER
2,Around The House,MEMO,PAD
2,Event,OVERSEAS,TRAVEL
2,Proper Name,OXFORD,UNIVERSITY
2,Things,PINK,SAPPHIRES
2,Event,SCHOOL BAKE,SALE
2,Person,SEASONED,VET
2,Place,SHADY,COURTYARD
2,Phrase,SHOULDERING,THE LOAD
2,Living Thing,SIAMESE,CAT
2,People,SMILING,CHILDREN
2,What Are You Doing,SPIKING THE,PUNCH
2,Thing,VOLCANIC,ASH
2,What Are You Doing,WASHING MY CAR
2,Event,WHALE,WATCHING
2,Proper Name,BOSTON RED SOX
2,Living Thing,BULLDOG
2,Landmark,ELLIS,ISLAND
2,Fictional Character,GOLDILOCKS
2,Event,HALLOWEEN
2,Occupation,MECHANIC
2,Phrase,OH BROTHER
2,Occupation,PRACTICAL,NURSE
2,People,PROUD,PARENTS
2,Around The House,SILVER,CANDLESTICK
2,On The Map,SMALL,TOWN
2,Event,TRADE,SHOW
2,Event,TRAM,TOUR
2,Person,UPPERCLASSMAN
2,Food &amp; Drink,VEGETABLE,STOCK
2,Things,OFFICE,SUPPLIES
2,Proper Name,HOUSTON,ASTROS
2,Thing,POCKET,CALCULATOR
2,Landmark,NATIONAL,ARCHIVES
2,Person,SELF-MADE,MAN
2,Occupation,FIREFIGHTER
2,Phrase,THE COAST IS,CLEAR
2,Food &amp; Drink,CHOPPED,WALNUTS
2,On The Map,RICHMOND,VIRGINIA
2,Proper Name,CYBILL,SHEPHERD
2,What Are You Doing,STANDING,GUARD
2,Food &amp; Drink,BUTTERMILK,WAFFLES
2,Living Thing,PELICAN
2,Living Things,GOLDFISH
2,Living Things,KOALA,BEARS
2,Food &amp; Drink,CARBONATED,WATER
2,Event,PHOTO,SHOOT
2,Food &amp; Drink,CHEESE,PUFFS
2,Event,PILGRIMAGE
2,Phrase,IMAGINE,THAT
2,Food &amp; Drink,FISH,TACOS
2,Around The House,TOOTHPICKS
2,On The Map,ALLEGHENY,RIVER
2,Food &amp; Drink,CHOCOLATE,MALT
2,Living Thing,NIGHTINGALE
2,Phrase,LABOR OF LOVE
2,Event,STATE,FAIR
2,Food &amp; Drink,`APPLE,BUTTER
2,Food &amp; Drink,PORK,CASSEROLE
2,Things,CLOUDS
2,Living Things,BISON
2,Food &amp; Drink,VEGETABLE,CHOWDER
2,Food &amp; Drink,GRILLED,EGGPLANT
2,Place,BAR AND GRILL
2,People,THRILL,SEEKERS
2,Thing,PRIOR,APPROVAL
2,Phrase,ON THE SURFACE
2,Proper Name,LUKE,PERRY
2,Person,BLONDE,BOMBSHELL
2,Phrase,ONE OF A KIND
2,People,CLINICIANS
2,Landmark,PAINTED,DESERT
2,On The Map,MONTANA
2,Proper Name,SISSY,SPACEK
2,Proper Name,INDIANA,PACERS
2,People,RHYTHM,SECTION
2,Event,NATIONAL,HOLIDAY
2,Around The House,PLASTIC,BAGS
2,People,NEW,RECRUITS
2,Proper Name,MISSY,ELLIOTT
2,Living Things,CROWING,ROOSTERS
2,On The Map,NORTH,POLE
2,Thing,ELABORATE,PRANK
2,Event,SUNNY,DAY
2,Place,THRIFT,STORE
2,Food &amp; Drink,SWEDISH,MEATBALLS
2,Food &amp; Drink,FETTUCINE,ALFREDO
2,Event,OPEN,HOUSE
2,Phrase,DRINK,RESPONSIBLY
2,Fictional Character,MICKEY,MOUSE
2,Event,GATHERING,STORM
2,Person,HELICOPTER,PILOT
2,Food &amp; Drink,CHOCOLATE,CROISSANT
2,Living Thing,ANGEL,FISH
2,Place,ANIMAL,RESCUE
2,On The Map,ANTARCTICA
2,On The Map,ARKANSAS,RIVER
2,People,ATTENDEES
2,Food &amp; Drink,AVOCADOS
2,Place,BACK,ALLEY
2,Thing,BALE OF HAY
2,Thing,BALLPOINT,PEN
2,Living Thing,BANYAN,TREE
2,Occupation,BEAUTICIAN
2,Phrase,BEWARE OF DOG
2,Thing,BLACKOUT,PERIOD
2,Event,BLOOD,DRIVE
2,Living Thing,BLOODHOUND
2,Proper Name,BOB,DYLAN
2,Things,BOW AND ARROW
2,People,BOYS &amp; GIRLS
2,What Are You Doing,BREAKING THE,ICE
2,Phrase,BRIDGE THE GAP
2,Family,BROTHER-IN-,LAW
2,Thing,BROWN,EYES
2,Place,BULLPEN
2,Place,BUSY,HIGHWAY
2,Classic Movies,CADDYSHACK
2,Thing,CAMERA,ANGLE
2,Food &amp; Drink,CANDIED,WALNUTS
2,Food &amp; Drink,CANDIED,YAMS
2,Place,CAR,DEALERSHIP
2,Things,CHAIN OF,EVENTS
2,Food &amp; Drink,CHIPPED,BEEF
2,Event,COCKTAIL,HOUR
2,Thing,COLLECTOR'S,ITEM
2,What Are You Doing,COUNTING LOOSE,CHANGE
2,Around The House,CURIO,CABINET
2,Occupation,DAY,LABORER
2,Event,DECATHLON
2,Around The House,DECORATIVE,RUG
2,Show Biz,DIRECTOR'S,CUT
2,Place,DOG,HOUSE
2,Thing,DOGGIE,BAG
2,On The Map,DURANGO,MEXICO
2,People,ECONOMISTS
2,Around The House,ENGRAVED,SOAPS
2,Living Thing,ESKIMO,DOG
2,Things,FACTS AND,FIGURES
2,Landmark,FENWAY,PARK
2,Event,FIRST,FROST
2,Food &amp; Drink,FLANK,STEAK
2,Place,FLIGHT,DECK
2,Fun &amp; Games,FOLLOW THE,LEADER
2,Place,FOOD,COURT
2,Food &amp; Drink,FRESH,PEACHES
2,What Are You Doing,FRYING,BACON
2,Classic TV,GILLIGAN'S,ISLAND
2,Place,GRAPE,VINEYARD
2,Rhyme Time,HANKY-,PANKY
2,On The Map,HAVANA,CUBA
2,On The Map,ICELAND
2,Phrase,IT BAFFLES ME
2,Classic movies,JAWS
2,Food &amp; Drink,JELLYROLL
2,Fictional Character,JUDY,JETSON
2,On The Map,KENYA,AFRICA
2,Fictional Character,KING,LEAR
2,Fun &amp; Games,KNOCK KNOCK,JOKES
2,Things,LIFE,LESSONS
2,Fictional Character,LITTLE,BO-PEEP
2,Person,MADEMOISELLE
2,What Are You Doing,MAKING,WAVES
2,Food &amp; Drink,MARINATED,CARROTS
2,Food &amp; Drink,MARINATED,FLOUNDER
2,Place,MASTER,BEDROOM
2,What Are You Doing,MENDING A,FENCE
2,Place,MIDDLE,SCHOOL
2,Food &amp; Drink,MINT JULEP TEA
2,People,NAVY,SEALS
2,Phrase,NEAT AS A PIN
2,Occupation,NURSING,AIDE
2,Place,OIL,REFINERY
2,Rhyme Time,OKEY-DOKEY
2,Before &amp; After,ONLINE,SEARCH,AND RESCUE
2,On The Map,OTTAWA,CANADA
2,Thing,OUTHOUSE
2,Phrase,PASSING THE,BUCK
2,Food &amp; Drink,PASSION,FRUIT
2,Thing,PAUSE,BUTTON
2,Occupation,PEACE,OFFICER
2,Landmark,PENTAGON,BUILDING
2,Occupation,POLICE,CHIEF
2,Thing,PRESSURE,COOKER
2,Place,PRIVATE,ROOM
2,Around The House,RAKE &amp; SHOVEL
2,Food &amp; Drink,RAW,PECANS
2,Person,REDHEAD
2,Thing,REGGAE,MUSIC
2,Phrase,RELAX AND,ENJOY!
2,What Are You Doing,RENTING A,TUXEDO
2,Thing,RING,FINGER
2,Food &amp; Drink,ROASTED,ALMONDS
2,Things,ROLLERBLADES
2,Occupation,SALES,EXECUTIVE
2,In The Kitchen,SEAFOOD,TUREEN
2,Thing,SERENDIPITY
2,Person,SEX,SYMBOL
2,Thing,SHARP,PENCIL
2,Food &amp; Drink,SKINNED,TANGELOS
2,Place,SNACK,BAR
2,Event,SNEAK,PREVIEW
2,Things,SOCKS AND,SHOES
2,Proper Name,SONY,PLAYSTATION
2,Fictional Character,SPEED,RACER
2,Food &amp; Drink,SPICY,SALSA
2,Thing,SQUARE,ROOT
2,Phrase,STAYING IN THE,LOOP
2,Event,STICKY,SITUATION
2,Rhyme Time,STUCK,TRUCK
2,Place,SYNAGOGUE
2,Place,TELEVISION,STUDIO
2,Food &amp; Drink,TEMPTING,TREATS
2,Classic Movies,THE AFRICAN,QUEEN
2,Classic TV,THE BIG VALLEY
2,Title,THE MIAMI,HERALD
2,Phrase,THICK AND,JUICY
2,Phrase,THINK,FAST
2,Phrase,TIES THAT BIND
2,Fictional Character,TOP,CAT
2,Fun &amp; Games,TRIVIAL,PURSUIT
2,Thing,URBAN,MYTH
2,Event,VEHICLE,INSPECTION
2,Fictional Character,VINNIE,BARBARINO
2,Food &amp; Drink,VITAMIN D MILK
2,Place,VOTING,BOOTH
2,Around The House,WALK-IN,SHOWER
2,Person,LEFT-HANDER
2,Fictional Place,WHO-VILLE
2,Person,BOBSLEDDER
2,Person,FRIENDLY,GUY
2,Classic TV,MCHALE'S,NAVY
2,Landmark,YOSEMITE,FALLS
2,Thing,CHISELED,FEATURES
2,On The Map,BEVERLY,HILLS
2,Living Thing,ARMY OF ANTS
2,Phrase,GREAT,JOB
2,Things,SIX-PACK,ABS
2,Person,JUNIOR,LIFEGUARD
2,Proper Name,JOAN,RIVERS
2,What Are You Doing,PLAYING,POLO
2,Book Title,PRIDE AND,PREJUDICE
2,Living Thing,CARNIVORES
2,Landmark,VATICAN CITY,IN ROME
2,In The Kitchen,PIZZA,SLICER
2,Food &amp; Drink,SQUARE,MEAL
2,Landmark,PIKES,PEAK
2,Phrase,SAVING,FACE
2,People,CAST &amp; CREW
2,People,EDITORIAL,STAFF
2,Around The House,RAKE &amp; SHOVEL
2,Around The House,LACE,TABLECLOTH
2,Thing,BASEBALL,CAP
2,Classic TV,THE BRADY,BUNCH
2,Event,STAFF,MEETING
2,Occupation,LIMO,DRIVER
2,Thing,SCIENCE,PROJECT
2,Food &amp; Drink,SUBMARINE,SANDWICH
2,Event,PILLOW,FIGHT
2,Phrase,SITTING,DUCK
2,Person,COMIC,SIDEKICK
2,Around The House,GARDEN,HAMMOCK
2,People,FOOD,ENTHUSIASTS
2,Fun &amp; Games,YAHTZEE
2,Place,BUMPY,ROAD
2,Place,GAME,ROOM
2,People,FISHERMEN
2,Thing,RING,FINGER
2,Things,COSMIC,RAYS
2,Proper Name,EMERIL,LAGASSE
2,Place,COURTSIDE
2,Food &amp; Drink,REDHEAD,RADISHES
2,Living Thing,MOCKING BIRD
2,On The Map,LENINGRAD
2,People,ESKIMOS
2,Around The House,NIGHTSTAND
2,Occupation,PUBLISHER
2,Thing,CHEWING,GUM
2,Person,TOP,DOG
2,Thing,BUSINESS,ATTIRE
2,Occupation,PUBLICIST
2,Phrase,AGING,GRACEFULLY
2,Thing,WRINKLED,SUIT
2,TV Title,INSIDE,EDITION
2,Place,BRANCH,BANK
2,Things,HEALTH &amp;,WELLNESS
2,Food &amp; Drink,MINESTRONE,SOUP
2,Person,GOLF,CADDY
2,Fictional Characters,POWERPUFF,GIRLS
2,Phrase,SAVING,FACE
2,Phrase,KISS-AND-TELL
2,On The Map,SEA OF GALILEE
2,Proper Name,PULITZER,PRIZE
2,Thing,BLACKOUT,PERIOD
2,Phrase,TWO THUMBS UP
2,Place,BURGER,JOINT
2,Thing,BIKE,LOCK
2,Food &amp; Drink,CHEESE,STICKS
2,Things,ROLLER,SKATES
2,Thing,GROCERY,BAG
2,Rhyme Time,GO WITH THE,FLOW
2,People,SILENT,MAJORITY
2,What Are You Doing?,SHUCKING,CORN
2,Thing,MIDDAY,SNACK
2,Thing,HUMAN,EVOLUTION
2,Place,LOCAL,BOOKSTORE
2,Event,FIRST,DATE
2,Thing,WORK,ETHIC
2,Things,EXTREME,SPORTS
2,Event,THE TONY,AWARDS
2,Event,CIRCUS,PARADE
2,People,TEEN,DRIVER
2,Show Biz,FALL,PREMIERE
2,Thing,CHRISTMAS,MUSIC
2,Occupation,CATERER
2,Thing,WINDMILL
2,Fictional Character,MISS,PIGGY
2,Place,RESORT AND,CASINO
2,On The Map,POCONO,MOUNTAINS
2,Phrase,BEGINNER'S,LUCK
2,Proper Name,TECHNICOLOR
2,Person,SMARTY-PANTS
2,Food &amp; Drink,HAMBURGER
2,Place,HOME,GYM
2,Person,NATIVE
2,On The Map,FLORIDA
2,What Are You Doing?,WASHING,CLOTHES
2,Title,GUYS AND DOLLS
2,Food &amp; Drink,SHREDDED,COCONUT
2,Proper Name,STEVIE,WONDER
2,Around The House,GLASS,VOTIVE
2,Things,GOLD,COINS
2,Occupation,CROSSING,GUARD
2,Around The House,HANGING,LAMP
2,Food &amp; Drink,JUICY,CHERRIES
2,Food &amp; Drink,LIME,JUICE
2,On The Map,WYOMING
2,Around The House,WHISKBROOM
2,Thing,LUXURY,SEDAN
2,Thing,MAILBOX
2,Thing,ACOUSTIC,GUITAR
2,People,LITTLE,TIKES
2,Thing,PADDLE,BOAT
2,Event,CRAFT,FAIR
2,Thing,NEON,SIGN
2,Proper Name,JOHNNY,DEPP
2,Thing,NOTEBOOK,PAPER
2,Person,HOUSEGUEST
2,Event,SURPRISE,ENDING
2,Thing,NAIL,POLISH
2,Living Thing,BLACKBIRD
2,Phrase,GEE,WHIZ
2,Phrase,CALL,FIRST
2,Quotation,WHAT'S UP DOC?
2,Place,TOURIST,TRAP
2,Person,DEAN OF,STUDENTS
2,Fictional Character,FAIRY,GODMOTHER
2,Person,MOUNTIE
2,Thing,COMEDY,MONOLOGUE
2,Event,AFRICAN,SAFARI
2,Food &amp; Drink,KIDS',MEAL
2,Event,TOWN,MEETING
2,Living Things,CATS &amp; DOGS
2,Event,METEOR,SHOWER
2,Classic Movies,URBAN,COWBOY
2,Person,CLEAN,FREAK
2,Thing,HOT AIR,BALLOON
2,Proper Name,TOM,CLANCY
2,Living Thing,PASSIONFLOWER
2,Person,ARMY,OFFICER
2,What Are You Doing?,PLAYING A GAME,OF JACKS
2,Event,MIDNIGHT,SWIMMING
2,Food &amp; Drink,COMMUNION,WAFERS
2,Rhyme Time,BY HOOK OR BY,CROOK
2,On The Map,CHESAPEAKE,BAY
2,Proper Name,QUEEN,LATIFAH
2,Around The House,WALL,CLOCK
2,Place,PILATES,STUDIO
2,On The Map,CABO SAN LUCAS
2,Place,TICKET,BOOTH
2,Event,MORNING,COMMUTE
2,What Are You Doing?,FLIRTING WITH,A STRANGER
2,Person,OUTDOORSMAN
2,Fun &amp; Games,BEACH,VOLLEYBALL
2,Place,BED AND,BREAKFAST
2,Person,OUTDOORSMAN
2,Fun &amp; Games,BEACH,VOLLEYBALL
2,Place,BED AND,BREAKFAST
2,Living Thing,ALLEY,CAT
2,Fictional Character,TONY THE TIGER
2,Person,HIRED,HAND
2,In The Kitchen,TIN PIE PAN
2,Event,BEACH,SOCCER
2,Living Thing,OTTERHOUND
2,Person,FOREIGN,MINISTER
2,Event,TAE KWON DO
2,Living Thing,SIBERIAN,HUSKY
2,Person,FUNNY,COMEDIAN
2,Proper Name,DODGE,DURANGO
2,Title,GETTYSBURG,ADDRESS
2,Phrase,GRIT YOUR,TEETH
2,Thing,BUMPER,STICKER
2,Food &amp; Drink,SLICED,BOLOGNA
2,Person,GROUP,LEADER
2,Phrase,TOUGH IT OUT
2,Food &amp; Drink,FRENCH,DRESSING
2,Fictional Character,MAXWELL,SMART
2,Around The House,SOCK,DRAWER
2,Thing,HANDSTAND
2,Occupation,SKETCH,ARTIST
2,Food &amp; Drink,FISH,CHOWDER
2,On The Map,MARYLAND
2,Title,RABBIT,HOLE
2,Phrase,SYMBOL OF HOPE
2,People,TELEVISION,CREW
2,Event,PUPPET,SHOW
2,Things,MATERIAL,POSSESSIONS
2,Around The House,BABY,POWDER
2,Food &amp; Drink,EGG,MCMUFFIN
2,Place,SECONDHAND,SHOP
2,Proper Name,CHELSEA,CLINTON
2,Food &amp; Drink,POMEGRANATE,LEMONADE
2,Event,APRIL FOOLS',DAY
2,Proper Name,MARLON,BRANDO
2,Living Thing,SWORDFISH
2,Proper Name,SAN DIEGO,PADRES
2,Food &amp; Drink,PERSIMMON,SALAD
2,Place,FAMILY,ROOM
2,Around The House,AREA,RUGS
2,Food &amp; Drink,LENTIL,SOUP
2,Things,JOB,SKILLS
2,What Are You Doing?,PLAYING,CHARADES
2,Proper Name,JACK,BLACK
2,Food &amp; Drink,LATE-NIGHT,SNACK
2,Living Thing,TARANTULA
2,Thing,BIRTHDAY,CARD
2,Proper Name,MARIA,SHRIVER
2,Around The House,GARDEN,HOSE
2,In The Kitchen,BREADBOX
2,Phrase,BURNT TO A,CRISP
2,Food &amp; Drink,ORANGE,SODA
2,Place,ROCK,GARDEN
2,Landmark,ZION NATIONAL,PARK
2,Proper Name,HEISMAN,TROPHY
2,Place,CITY,HALL
2,People,SPIRITED,BUNCH
2,Food &amp; Drink,VEGETABLE,TEMPURA
2,Phrase,EBB &amp; FLOW
2,Event,BIG,BASH
2,Place,PAROCHIAL,SCHOOL
2,Proper Name,MR.,OLYMPIA
2,Thing,AWNING
2,Phrase,HEADS,UP!
2,Food &amp; Drink,KOSHER,FOODS
2,Song Title,ROCKET,MAN
2,Living Thing,TOAD
2,On The Map,VIRGIN,ISLANDS
2,People,GROWN-UPS
2,Thing,VANISHING,POINT
2,Food &amp; Drink,SMOKED,SAUSAGE
2,Food &amp; Drink,COOKED,SWEETBREAD
2,Event,FREESTYLE,SKIING
2,Around The House,SHOWER,CURTAIN
2,Thing,PARADE,FLOAT
2,Phrase,KODAK,MOMENT
2,Fictional Character,RICHIE,RICH
2,Proper Name,NEIL,YOUNG
2,Food &amp; Drink,HOT FUDGE,SUNDAE
2,Living Thing,NORWEIGAN,LUNDEHUND
2,Things,GLORY,DAYS
2,Phrase,POP THE TRUNK
2,Thing,NINE,IRON
2,Food &amp; Drink,PORTERHOUSE,STEAK
2,Phrase,TOP,PRIORITY
2,Show Biz,SOLO,ARTIST
2,Phrase,UP TO SNUFF
2,Food &amp; Drink,STEAK AND,MUSHROOMS
2,Place,HOME,BASE
2,Proper Name,GEORGE,CLOONEY
2,Thing,INTERNATIONAL,FLIGHT
2,Phrase,DON'T,BLINK
2,Thing,BACK,POCKET
2,Person,SPRING,CHICKEN
2,Thing,CALENDAR,YEAR
2,Person,APPRENTICE
2,Quotation,LOOSE LIPS,SINK SHIPS
2,Around The House,PHOTO,ALBUM
2,Place,INTIMATE,HIDEAWAY
2,Living Things,SWANS
2,Food &amp; Drink,TACO,SALAD
2,Thing,MOVIE,SCRIPT
2,Landmark,PENN,STATION
2,Food &amp; Drink,COUNTRY FRIED,STEAK
2,Occupation,INTERIOR,DESIGNER
2,Fictional Character,NANCY,DREW
2,Event,WATER,POLO
2,Thing,SPLIT,TICKET
2,Thing,KING-SIZE,BED
2,Phrase,THE MOTOR CITY
2,Food &amp; Drink,BUCKWHEAT,PANCAKES
2,People,STUDY,GROUP
2,Thing,SCRUFFY,BEARD
2,On The Map,MARTHA'S,VINEYARD
2,Food &amp; Drink,SOY,CAKES
2,Thing,PHONE,MESSAGE
2,Thing,THERMAL,UNDERWEAR
2,Person,PRANKSTER
2,People,FOREIGN,PRESS
2,Fictional Character,MURPHY,BROWN
2,Phrase,READY SET GO!
2,Proper Name,THE BOSTON,GLOBE
2,On The Map,TEMPE,ARIZONA
2,People,TAXPAYERS
2,Around The House,LAWN,ORNAMENTS
2,Things,ACRYLIC,NAILS
2,What Are You Doing?,GOING,STEADY
2,Thing,VOCAL,RANGE
2,People,ART,PATRONS
2,Place,PICNIC,PAVILION
2,Thing,PAPERWEIGHT
2,Show Biz,AUDITION
2,People,COHORTS
2,On The Map,ETHIOPIA
2,Phrase,WORTH THE RISK
2,Place,PASTRY,SHOP
2,Food &amp; Drink,SPICED,TEA
2,Proper Name,PRINCE,CHARLES
2,Place,BANQUET,HALL
2,People,HONOR,GUARD
2,Around The House,FLUFFY,TOWELS
2,Landmark,CAPITOL,HILL
2,Classic Movies,ALL ABOUT EVE
2,Person,HOMEBODY
2,Phrase,DOUBLE,DIPPING
2,Thing,GOATEE
2,Place,PROMENADE,DECK
2,Thing,CAMPING,GEAR
2,Food &amp; Drink,HAM,NOODLES
2,Food &amp; Drink,BEEF RIB ROAST
2,Living Thing,HOTHOUSE,PLANT
2,Place,SKYSCRAPER
2,Proper Name,ADAM,SANDLER
2,People,FOUNDING,FATHERS
2,Proper Name,BILL,MAHER
2,Food &amp; Drink,LEMON,WEDGES
2,People,ELECTED,OFFICIALS
2,Food &amp; Drink,SLICED,HAM
2,Phrase,DON'T BE,FOOLED
2,Movie Title,ICE,AGE
2,Things,COMMON,WORDS
2,Thing,SECOND,CHANCE
2,Event,HOME,RUN
2,Proper Name,INDUSTRIAL,REVOLUTION
2,Event,CHOIR,RECITAL
2,Event,PHYSICAL,EXAM
2,Landmark,STONEHENGE
2,Food &amp; Drink,GRILLED,ASPARAGUS
2,Title,USA,TODAY
2,Living Thing,LHASA,APSO
2,Food &amp; Drink,GRAPEFRUIT
2,Event,ADVANCE,SCREENING
2,Living Things,CLOWN,FISH
2,Person,SPEED,DEMON
2,Event,BUSINESS,MEETING
2,Thing,PETRIFIED,WOOD
2,On The Map,OXFORD,ENGLAND
2,Thing,ACTIVITY,BOOK
2,Phrase,BY THE WAY
2,Thing,MILITARY,JEEP
2,Proper Name,DALAI,LAMA
2,Food &amp; Drink,STUFFED,CABBAGE
2,Landmark,LONDON'S BIG,BEN
2,Thing,RAWHIDE,BONE
2,Living Thing,KILLER,WHALE
2,Rhyme Time,CHICK,FLICK
2,Around The House,SAFETY,PINS
2,Event,EARTH,DAY
2,Fun &amp; Games,GAG,GIFT
2,Occupation,DERMATOLOGIST
2,Food &amp; Drink,PEACH,TART
2,Around The House,SOAP,DISH
2,Things,INDUSTRY,SECRETS
2,Thing,KETTLEDRUM
2,Event,TRIATHLON
2,Food &amp; Drink,SCALLOPED,POTATOES
2,Fictional Character,SCARLETT,O'HARA
2,Food &amp; Drink,BOILED,BEETS
2,Things,STICKS AND,STONES
2,Phrase,COMMON,KNOWLEDGE
2,Things,TWINKLING,LIGHTS
2,Event,DATE,NIGHT
2,Phrase,ON A LARK
2,Person,OLD,FRIEND
2,Phrase,GET A LIFE
2,Food &amp; Drink,FISH,SOUFFLE
2,Food &amp; Drink,GARLIC,POPCORN
2,Proper Name,ASTRONOMER,GALILEO
2,Living Things,TROPICAL,BIRDS
2,On The Map,GREAT,BRITAIN
2,Occupation,CARTOONIST
2,Places,BRANCH,OFFICES
2,Things,FLASHING,LIGHTS
2,Place,SPANISH,HARLEM
2,On The Map,GUATEMALA
2,Living Thing,SALAMANDER
2,Event,MAJOR,RENOVATION
2,Thing,BURIED,TREASURE
2,Classic Movies,CITIZEN,KANE
2,Living Thing,ANACONDA,SNAKE
2,Thing,TAILBONE
2,Food &amp; Drink,PITA,CHIPS
2,Food &amp; Drink,BISCOTTI
2,Person,HOTEL,GUEST
2,Fictional Place,LAND OF OZ
2,Proper Name,DAYS,INN
2,Fictional Character,JAMES,BOND
2,Event,SALTWATER,FISHING
2,What Are You Doing?,TOSSING AND,TURNING
2,People,ROCK,BAND
2,Proper Name,TOBEY,MAGUIRE
2,Proper Name,JAMIE,FOXX
2,Things,VENUS &amp; MARS
2,People,ARMY,BUDDIES
2,Thing,CANVAS,BACKPACK
2,Food &amp; Drink,GINGER,ALE
2,In The Kitchen,TABLESPOON
2,Phrase,JUST ADD WATER
2,Proper Name,TAMPA BAY RAYS
2,Place,RACETRACK
2,Event,FISHING,TRIP
2,Fictional Character,RAPUNZEL
2,Proper Name,PENNY,MARSHALL
2,In The Kitchen,MEASURING,SPOON
2,Thing,SHOPPING,CART
2,Landmark,SISTINE,CHAPEL
2,Food &amp; Drink,TURKEY,SAUSAGE
2,Event,THE ROSE BOWL
2,Phrase,INNER,CHILD
2,Places,ROW,HOUSES
2,People,SUMO,WRESTLERS
2,Fictional Character,WIZARD OF OZ
2,Occupation,TRANSLATOR
2,Phrase,SEASON'S,GREETINGS
2,TV Show Title,STILL,STANDING
2,Fictional Character,PETER,PIPER
2,Proper Names,ADAM &amp; EVE
2,Person,TRENDSETTER
2,Place,STREET,CORNER
2,Person,ALBERT,EINSTEIN
2,Things,REST AND,RELAXATION
2,Around The House,LINEN,CLOSET
2,Phrase,ALL SYSTEMS GO
2,Phrase,SAVE THE,WHALES
2,Occupation,NEWSPAPER,REPORTER
2,Phrase,NEVER SAY,NEVER
2,Person,TEACHER'S,PET
2,Food &amp; Drink,PEAS AND,CARROTS
2,Place,REST,STOP
2,Occupation,HAIR,STYLIST
2,Fictional Character,CINDERELLA
2,Thing,DESERT,TERRAIN
2,Rhyme Time,EVEN,STEVEN
2,Living Thing,SAINT,BERNARD
2,Rhyme Time,THE NEED FOR,SPEED
2,Things,DELICIOUS,TIDBITS
2,Phrase,KODAK,MOMENT
2,Things,EARTH MOON &amp;,SUN
2,Place,ART,GALLERY
2,Living Thing,GREAT,DANE
2,Event,SURPRISE,PARTY
2,Event,GARAGE,SALE
2,In The Kitchen,TOASTER,OVEN
2,Fictional Character,BETTY,BOOP