,Category,Answer
0,Thing,GALE WINDS
1,Phrase,A CHEAP SHOT
2,Phrase,A GREAT BUY
3,Phrase,A KODAK MOMENT
4,Event,A LONG HOT SHOWER
5,Living Things,A PACK OF WOLVES
6,Phrase,A PAT ON THE BACK
7,Phrase,A WORK IN PROGRESS
8,Living Thing,AARDVARK
9,Thing,AC ADAPTOR
10,Person,ACCORDION PLAYER
11,Thing,ACHING HEART
12,People,ADRENALINE JUNKIES
13,thing,ADVICE
14,Food &amp; Drink,AGED CHEDDAR CHEESE
15,Thing,AIR COMPRESSOR
16,Thing,AIRPLANE HANGER
17,Thing,AIRPLANE
18,Place,AIRPORT RUNWAY
19,Things,AIRWAVES
20,Proper Name,AL PACINO
21,On The Map,ALBANY NEW YORK
22,Proper Name,ALEC BALDWIN
23,Food &amp; Drink,ALFALFA SPROUTS
24,Thing,ALGEBRA BOOK
25,Thing,ALGEBRA
26,On The Map,ALGERIA
27,Living Thing,ALOE VERA PLANT
28,THING,ALUMINUM
29,Person,AMATEUR RADIO OPERATOR
30,Person,AMATEUR SLEUTH
31,Person,AMBULANCE CHASER
32,Event,AMERICA'S CUP
33,Food and Drink,AMERICAN CHEESE
34,Proper Name,AMERICAN DENTAL ASSOCIATION
35,TV Title,AMERICAN IDOL
36,Things,AMERICAN FLAG
37,Living Things,ANACONDA SNAKE
38,Proper Name,ANAHEIM DUCKS
39,People,ANCESTORS
40,Movie Title,ANGELS &amp; DEMONS
41,Show Biz,ANIMATED SERIES
42,Person,ANONYMOUS CALLER
43,Occupation,ANTHROPOLOGIST
44,Around The House,ANTIQUE BATHTUB
45,Rhyme Time,ANTS IN YOUR PANTS
46,Place,APARTMENT BUILDING
47,Food &amp; Drink,APPLE JACKS
48,Place,APPLE ORCHARD
49,Food &amp; Drink,APPLESAUCE
50,People,AQUARIANS
51,Thing,AQUARIUM
52,Occupation,ARCHITECT
53,Proper Name,ARETHA FRANKLIN
54,Proper Name,ARIZONA CARDINALS
55,Living Thing,ARMADILLO
56,Around The House,ARMCHAIR
57,Occupation,ARMY GENERAL
58,Event,ART EXHIBITION
59,Food &amp; Drink,ARUGULA SALAD
60,Title,AS YOU LIKE IT
61,On The Map,ASPEN COLORADO
62,Person,ASPIRING ARTIST
63,Occupation,ASTRONOMER
64,Occupation,AUDIT CLERK
65,On The Map,AUGUSTA MAINE
66,People,AUNT &amp; UNCLE
67,Occupation,AUTO MECHANIC
68,Event,AUTO RACING
69,Person,AUTOGRAPH HOUND
70,Phrase,AYE CARUMBA!
71,Fictional Character,BABAR
72,Around The House,BABY OIL
73,Living Thing,BABY PIRANHA
74,Thing,BABY QUILT
75,Event,BABY SHOWER
76,Thing,BABY TALK
77,Living Thing,BABY SEAL
78,Phrase,BACK AND FORTH
79,Thing,BACKBONE
80,Thing,BACKRUB
81,Food &amp; Drink,BACON BITS
82,Things,BAGGY JEANS
83,Things,BAGPIPES
84,Things,BAGS OF GROCERIES
85,Food &amp; Drink,BAKED ALASKA
86,Food &amp; Drink,BAKED MACARONI
87,Place,BAKESHOP
88,What Are You Doing,BAKING COOKIES
89,Thing,BALANCE BEAM
90,Place,BALLPARK
91,People,BALLROOM DANCERS
92,Thing,BALSA WOOD
93,Proper Name,BALTIMORE ORIELS
94,Food &amp; Drink,BANANA NUT BREAD
95,Occupation,BAND PUBLICIST
96,Things,BANDAGES
97,On The Map,BANGKOK THAILAND
98,On The Map,BANGOR MAIN
99,Phrase,BANKERS HOURS
100,Event,BAR MITZVAH
101,Thing,BARBECUE PITS
102,Food &amp; Drink,BARBECUED BEEF RIBS
103,Things,BARBELLS
104,Living Thing,BARKING DOGS
105,Food &amp; Drink,BARLEY SOUP
106,Classic TV,BARNABY JONES
107,Proper Name,BARRY MANILOW
108,Occupation,BARTENDER
109,Thing,BASEBALL UNIFORM
110,Food &amp; Drink,BASIL LEAVES
111,Living Thing,BASSET HOUND
112,Food &amp; Drink,BATCH OF COOKIES
113,Food &amp; Drink,BATCH OF COOKIES
114,Around The House,BATHROOM SCALE
115,Place,BATHROOM
116,place,BATHROOM
117,Around The House,BATHTUB
118,People,BATON TWIRLER
119,Event,BEACH BONFIRE
120,Place,BEACH COTTAGE
121,Thing,BEADED GOWN
122,Food &amp; Drink,BEAN SPROUTS
123,Around The House,BEANBAG CHAIR
124,Thing,BEAUTY MARK
125,Proper Name,BED BATH &amp; BEYOND
126,Around The House,BEDSIDE TABLE
127,Food &amp; Drink,BEEF SPAGHETTI
128,Food &amp; Drink,BEEF WELLINGTON
129,Food &amp; Drink,BEEF POT ROAST
130,Thing,BEEHIVE
131,Phrase,"BEGINNER""S LUCK"
132,Living Thing,BEGONIA
133,Phrase,BEHAVE YOURSELF
134,On The Map,BEIJING CHINA
135,On The Map,BERKELEY CALIFORNIA
136,On The Map,BERMUDA
137,Thing,BERMUDA SHORTS
138,Person,BEST FRIEND
139,Classic TV,BEWITCHED
140,Things,BICYCLE HELMET
141,Person,BIG SHOT
142,Fictional Character,BIG BIRD
143,Fun &amp; Games,BIG-WAVE SURFING
144,Proper Name,BILL COSBY
145,Thing,BILLFOLD
146,On The Map,BILOX MISSISSIPPI
147,Food &amp; Drink,BING CHERRIES
148,Place,BIRD SANCTUARY
149,Thing,BIRTH SIGN
150,Person,BIRTHDAY BOY
151,Food &amp; Drink,BIRTHDAY CAKE
152,Living Thing,BLACK LEOPARD
153,Occupation,BLACKJACK DEALER
154,Things,BLACKOUT DATES
155,Thing,BLANK PAGE
156,Event,BLOCK PARTY
157,People,BLOGGERS
158,Living Things,BLOOMING WILDFLOWERS
159,What Are You Doing,BLOWING BUBBLES
160,Around The House,BLOWN FUSE
161,Event,BLOWOUT SALE
162,Event,BLUES FESTIVAL
163,Event,BOARD MEETING
164,Place,BOARDROOM
165,Event,BOATING EXCURSION
166,Thing,BOBBY PINS
167,People,BOBSLED TEAM
168,Person,BODY BUILDER
169,Phrase,BODY LANGUAGE
170,People,BODYGUARDS
171,On The Map,BOLIVIA
172,Living Thing,BOLL WEEVIL
173,Food &amp; Drink,BOLOGNA SANDWICH
174,Occupation,BOOK CRITIC
175,Living Thing,BORDER COLLIE
176,Proper Name,BOSTON CELTICS
177,Place,BOSTON BRUINS
178,Title,BOSTON HERALD
179,Thing,BOTTLE CAP
180,Food &amp; Drink,BOTTLED BEER
181,Living Thing,BOVINE
182,People,BOWLING LEAGUE
183,Food &amp; Drink,BOX LUNCH
184,Occupation,BOXING PROMOTER
185,People,BOY SCOUT TROOP
186,Thing,BOYISH CHARM
187,Proper Name,BRAD PITT
188,Thing,BRAIDED HAIR
189,Phrase,BRAIN CANDY
190,Food and Drink,BRAN MUFFIN
191,Around The House,BRASS BED
192,Living Thing,BRAZIL NUT TREE
193,Phrase,BREAK A LEG
194,Food &amp; Drink,BREAKFAST CEREALS
195,Proper Name,BRENDAN FRASER
196,On The Map,BRIDGEPORT CONNECTICUT
197,Thing,BRIGHT IDEA
198,Thing,BROAD SPECTRUM
199,Person,BROADWAY ACTRESS
200,Show Biz,BROADWAY MUSICALS
201,Family,BROTHERS &amp; SISTERS
202,Food &amp; Drink,BROWN BAG LUNCH
203,On The Map,BROWNSVILLE TEXAS
204,Thing,BUBBLE WRAP
205,Landmark,BUCKINGHAM PALACE
206,On The Map,BUDAPEST HUNGARY
207,Person,BUDDING GENIUS
208,Thing,BUFFALO WINGS
209,Fictional Character,BUGS BUNNY
210,Thing,BULLHORN
211,Person,BUSYBODY
212,Place,BUTLER'S PANTRY
213,Food &amp; Drink,BUTTERED BAGEL
214,Food &amp; Drink,BUTTERY BISCUITS
215,Thing,BUZZ SAW
216,Phrase,BUZZWORTHY
217,Thing,CAB RIDE
218,Person,CABIN BOY
219,Living Thing,CACTUS FLOWER
220,People,CADDIES
221,In The Kitchen,CAKE MIX
222,Food &amp; Drink,CAKE
223,On The Map,CALCUTTA INDIA
224,Place,CAMPING GROUND
225,Landmark,CANDLESTICK PARK
226,Place,CANDY FACTORY
227,Things,CANOES AND KAYAKS
228,Landmark,CAPE CANAVERAL
229,Land Mark,CAPITAL HILL
230,People,CAPTIVE AUDIENCE
231,People,CAR OWNERS
232,Place,CAR PARK
233,Thing,CARBON COPY
234,Thing,CARDBOARD BOX
235,Food &amp; Drink,CARROTS AND RAISINS
236,Thing,CASHIER'S BOX
237,Thing,CASHIER'S OFFICE
238,People,CAT LOVERS
239,Event,CATERED DINNER
240,Place,CATTLE RANCH
241,Food &amp; Drink,CAVIAR
242,Food and Drink,CAVIAR DIP
243,Around The House,CEILING FAN
244,Person,CELEBRITY JUDGE
245,Food &amp; Drink,CELERY STICK
246,Landmark,CENTRAL PARK
247,In The Kitchen,CHAFING DISH
248,Food &amp; Drink,CHAMPAGNE PUNCH
249,Person,CHAMPIONSHIP BOXER
250,Event,CHAMPIONSHIP GAME
251,Proper Name,CHAPSTICK
252,Thing,CHARM BRACELET
253,Food &amp; Drink,CHEESE DIP
254,Food &amp; Drink,CHERRIES JUBILEE
255,Food &amp; Drink,CHERRY COBBLER
256,Thing,CHESSBOARD
257,Fictional Character,CHEWBACCA
258,Food &amp; Drink,CHICKEN FRICASSEE
259,Food &amp; Drink,CHICKEN KIEV
260,Thing,CHIFFON WRAP
261,Food and Drink,CHILI CON CARNE
262,Living Thing,CHIMPANZEE
263,Thing,CHIP SHOT
264,Living Things,CHIRPING BIRDS
265,Food &amp; Drink,CHOCOLATE DIPPED BANANAS
266,Food and Drink,CHOCOLATE PUDDING
267,Food &amp; Drink,CHOCOLATE SOUFFLE
268,Food &amp; Drink,CHOPPED TARRAGON
269,Things,CHOPSTICKS
270,Food &amp; Drink,CHOW MEIN
271,Proper Name,CHUCK NORRIS
272,Food &amp; Drink,CHOP SUEY
273,Occupation,CIRCUIT COURT JUDGE
274,Phrase,CIRCULAR FILE
275,Thing,CITRONELLA CANDLE
276,Place,CITY PROPERTY
277,Person,CIVILIAN
278,Fictional Character,CLARK KENT
279,Things,CLEANING TIPS
280,Fictional Character,CLEVELAND BROWN
281,Thing,CLIMATE
282,Proper Name,CLINT EASTWOOD
283,Proper Name,CLUB MED
284,Living Thing,CLYDESDALE HORSE
285,Food &amp; Drink,COARSE SEA SALT &amp; GROUND WHITE PEPPER
286,Person,COAUTHOR
287,Food and Drink,COCKTAIL GARNISH
288,Food &amp; Drink,COCOA PUFFS
289,Food &amp; Drink,COCONUT
290,Event,COFFEE TALK
291,Food &amp; Drink,COLBY JACK CHEESE
292,Phrase,COLD SHOULDER
293,Place,COLLEGE CAMPUS
294,Thing,COLLEGE TUITION
295,On The Map,COLONIAL WILLIAMSBURG
296,Place,COMEDY CLUB
297,Place,COMEDY CLUB
298,Around The House,COMFY ARMCHAIR
299,Person,COMMUNITY HERO
300,Thing,COMPACT CAR
301,Person,COMPANY FOUNDER
302,Thing,COMPANY LOGO
303,Thing,COMPOUND INTEREST
304,Fictional Character,CONAN THE BARBARIAN
305,Place,CONCERT HALL
306,People,COOL SURFERS
307,Thing,COPPER POT
308,Food &amp; Drink,CORNISH GAME HENS
309,People,CORPORATE SPONSORS
310,Person,COUCH POTATO
311,Around The House,COUGH SYRUP
312,Occupation,COURT REPORTER
313,Living Things,COVEY OF QUAIL
314,Place,COZY STUDY
315,Food &amp; Drink,CRAB WONTONS
316,Food &amp; Drink,CRANBERRY JUICE
317,Food &amp; Drink,CRAWFISH BISQUE
318,Living Thing,CRAYFISH
319,Person,CREATIVE GENIUS
320,Place,CREDIT UNION
321,Things,CRESCENT MOON
322,On The Map,CROATIA
323,Place,CROSSWALK
324,Place,CROWDED RESTAURANT
325,Place,CROWDED ROOM
326,TV Title,CSI MIAMI
327,Food &amp; Drink,CUP OF HOT COFFEE
328,Fictional Character,CURIOUS GEORGE
329,Things,CUT-OFF SHORTS
330,In The Kitchen,CUTTING BOARD
331,Fictional Character,DADDY WARBUCKS
332,On The Map,DALLAS TEXAS
333,Person,DAMSEL
334,Song Title,DANCING QUEEN
335,Event,DARING RESCUE
336,Proper Name,DAVID LETTERMAN
337,Proper Name,DAVID LEE ROTH
338,Things,DAYS OF THE WEEK
339,Phrase,DEAD GIVEAWAY
340,Thing,DEADBOLT LOCK
341,Phrase,DEAFENING SILENCE
342,Landmark,DEATH VALLEY NATIONAL PARK
343,Thing,DEF CAMCORDER
344,On The Map,DENMARK
345,Person,DESIGNATED DRIVER
346,On The Map,DETROIT MICHIGAN
347,Food and Drink,DEVIL'S FOOD CAKE
348,Food and Drink,DEVILED EGGS
349,Thing,DIAMOND RING
350,What Are You Doing?,DIGGING A DITCH
351,Food &amp; Drink,DIPPING SAUCE
352,Fictional Character,DIRTY HARRY
353,What Are You Doing,DISCO DANCING
354,Person,DISCUS THROWER
355,People,DISTANT COUSINS
356,Place,DISTANT GALAXIES
357,People,DISTINGUISHED GUESTS
358,Living Thing,DOBERMAN PINSCHER
359,Person,DOCTOR ON CALL
360,Person,DOCTOR ON CALL
361,Thing,DOCUDRAMA
362,People,DOCUMENTARY FILM CREW
363,People,DOCUMENTARY
364,On The Map,DODGE CITY KANSAS
365,Fun And Games,DODGEBALL
366,Place,DOG PARK
367,Around The House,DOG DOOR
368,Proper Name,DOLLY MADISON
369,Person,DOMESTIC GODDESS
370,Living Things,DOMESTIC SHEEP
371,Phrase,DON'T BE SHY
372,Around The House,DOOR HINGE
373,Place,DORMITORY
374,Phrase,DOZED OFF
375,Event,DRAG RACE
376,Event,DRAMATIC EXIT
377,Phrase,DRAWING CRITISISM
378,Phrase,DRAWING A BLANK
379,Event,DREAM DATE
380,Show Biz,DRESS REHEARSAL
381,Proper Name,DREW BARRYMORE
382,Food &amp; Drink,DRIED CRANBERRIES
383,What Are You Doing,DRIVING UNDER THE SPEED LIMIT
384,Thing,DRY SKIN
385,Place,DUCK POND
386,Fun &amp; Games,DUCK DUCK GOOSE
387,Place,DUDE RANCH
388,Thing,DUFFLE BAG
389,Food &amp; Drink,DUMPLINGS
390,Thing,DUTCH TREAT
391,Classic Movies,EASY RIDER
392,Phrase,EAT YOUR SPINACH
393,Person,EAVESDROPPER
394,Event,EAVESDROPPING
395,Occupation,ECONOMISTS
396,Phrase,EDGY LOOK
397,On The Map,EDMONTON CANADA
398,Proper Name,EDMONTON OILERS
399,Food &amp; Drink,EGG SALAD
400,Food &amp; Drink,EGGNOG LATTE
401,Food and Drink,EGGS SUNNY SIDE UP
402,Around The House,EGYPTIAN COTTON SHEETS
403,Place,EIGHTEEN-HOLE GOLF COURSE
404,Around The House,ELECTRIC TOOTHBRUSH
405,Occupation,ELEVATOR INSPECTOR
406,Proper Name,ELLEN DEGENERES
407,Fictional Character,ELMER FUDD
408,Proper Name,ELVIS PRESLEY
409,Thing,EMAIL ADDRESS
410,Fictional Place,ENCHANTED FOREST
411,Thing,ENCOURAGING WORDS
412,Phrase,ENDLESS SUMMER
413,Phrase,ENERGY EFFICIENT
414,Living Thing,ENGLISH SETTER
415,Person,EQUESTRIAN
416,Thing,ESCAPE HATCH
417,Food &amp; Drink,ESKIMO PIE
418,Phrase,EVEN-TEMPERED
419,Thing,EXCESS BAGGAGE
420,Place,EXCLUSIVE BOUTIQUE
421,Place,EXOTIC LOCALES
422,Event,EXPEDITION
423,Place,EXTRA ROOM
424,Phrase,FABULOUSLY WEALTHY
425,Phrase,FACE THE MUSIC
426,Place,FACULTY LOUNGE
427,On The Map,FAIRBANKS ALASKA
428,Person,FAMILY MAN
429,Event,FAMILY OUTING
430,Event,FAMILY REUNION
431,Event,FAMILY DISCUSSION
432,Thing,FAN LETTER
433,Phrase,FAN THE FLAMES
434,Things,FAREWELL SPEECH
435,Person,FASHION MAVEN
436,Person,FASHIONISTA
437,Fictional Character,FATHER TIME
438,Thing,FAUX FUR COAT
439,Thing,FAX
441,Quotation,FE FI FO FUM
442,Person,FEATHERBRAIN
443,What Are You Doing,FEEDING BIRDS AT THE PARK
444,Food &amp; Drink,FETTUCCINI PRIMAVERA
445,Title,FIDDLER ON THE ROOF
446,Classic Movies,FIELD OF DREAMS
447,Phrase,FIFTY-FIFTY
448,Person,FIGHT PROMOTER
449,Phrase,FIGURE OF SPEECH
450,Thing,FILING CABINET
451,Phrase,FILM CAPITOL OF THE WORLD
452,Thing,FINANCIAL AID
453,Place,FINANCIAL DISTRICT
454,Person,FINICKY EATER
455,Around The House,FIREPLACE POKER
456,Thing,FIREWOOD
457,Thing,FIRST PRIZE
458,Person,FIRST COUSIN
459,Thing,FISHING BOAT
460,Food &amp; Drink,FISHING TEMPURA
461,Person,FIVE-STAR GENERAL
462,Phrase,FLAG ON THE PLAY
463,On The Map,FLAGSTAFF ARIZONA
464,Person,FLAMENCO DANCER
465,Food &amp; Drink,FLAPJACKS
466,Thing,FLATBED TRUCK
467,Thing,FLAVOR OF THE MONTH
468,What Are You Doing,FLEXING MY MUSCLES
469,Thing,FLIGHT SIMULATOR
470,Thing,FLIP PHONE
471,Thing,FLOOR MODEL
472,Thing,FLOOR PLAN
473,Thing,FLOPPY DISK
474,Thing,FLORAL SARONG
475,Proper Name,FLORIDA MARLINS
476,Thing,FLOWER LEI
477,Rhyme Time,FLOWER POWER
478,Phrase,FLURRY OF ACTIVITY
479,What Are You Doing,FLYING CROSS-COUNTRY
480,Living Thing,FLYING FISH
481,Thing,FLYING SAUCER
482,What Are You Doing,FLYING A KITE
483,Living Thing,FLYING FOX
484,Living Thing,FLYING GECKO
485,Food &amp; Drink,FOCCACIA BREAD
486,Thing,FOLDING CHAIR
487,Place,FOLK ART MUSEUM
488,Occupation,FOOD STYLIST
489,People,FOOTBALL FANS
490,Event,FOOTRACE
491,Things,FOREIGN AFFAIRS
492,Place,FOREIGN COUNTRIES
493,Place,FORENSIC LAB
494,Phrase,FORK IT OVER
495,Thing,FORKLIFT
496,On The Map,FORT SUMTER
497,On The Map,FORT LEE NEW JERSEY
498,Person,FRANCISCAN MONK
499,Classic Movies,FREAKY FRIDAY
500,Person,FREE AGENT
501,Before &amp; After,FREE SPIN THE BOTTLE
502,Food and Drink,FRENCH LEMONADE
503,In The Kitchen,FRENCH SAUCEPAN
504,Place,FRENCH VILLAGE
505,People,FRESH FACES
506,Food &amp; Drink,FRESH GINGER
507,Food &amp; Drink,FRIED BANANAS
508,Food &amp; Drink,FRIED CHICKEN
509,Food and Drink,FRIED BEAN CURD
510,People,FRIENDLY NEIGHBORS
511,Things,FRINGED KNEE-HIGH BOOTS
512,Things,FRITATA
513,Place,FRONT ROW CENTER
514,Food &amp; Drink,FRUIT JUICE
515,Food &amp; Drink,FRUIT SALAD
516,Thing,FUAX FUR COAT
517,People,FULL CROWD
518,Rhyme Time,FUN IN THE SUN
519,Things,FUNNY FACES
520,Thing,FUZZY EARMUFFS
521,Around The House,FUZZY SLIPPERS
522,Rhyme Time,GAL PAL
523,Food &amp; Drink,GALA APPLES
524,Around The House,GARDEN GNOMES
525,Around The House,GARDENING GLOVES
526,Thing,GAS PUMP
527,Event,GATOR BOWL
528,Food &amp; Drink,GEFILTE FISH
529,Fictional Character,GEICO GECKO
530,Thing,GEMSTONE PENDANT
531,Proper Name,GENERAL MOTORS
532,People,GENERAL PUBLIC
533,On The Map,GENOA ITALY
534,Proper Name,GEORGE LUCAS
535,Food &amp; Drink,GEORGIA PEACHES
536,Person,GERMOPHOBE
537,Phrase,GET YOUR GAME ON
538,Thing,GET-RICH-QUICK SCHEME
539,Living Things,GHOST CRABS
540,Place,GHOST TOWN
541,Living Thing,GIANT SCHNAUZER
542,Living Thing,GIANT PANDA BEAR
543,Thing,GIFT SUBSCRIPTION
544,Thing,GIFT TAG
545,Thing,GIFT RECEIPT
546,Phrase,GIFT OF GAB
547,Food &amp; Drink,GINGER SNAPS
548,Food &amp; Drink,GINGERBREAD HOUSE
549,Phrase,GIVE ME A BREAK
550,What Are You Doing,GIVING BLOOD
551,Landmark,GLACIER NATIONAL PARK
552,Things,GLAD TIDINGS
553,Food &amp; Drink,GLAZED HAM
554,Food and Drink,GLAZED APPLES
555,People,GLEE CLUB
556,Thing,GLOSSY PHOTO
557,Fictional Character,GODZILLA
558,Phase,GOING APE
559,Phrase,GOING GAGA
560,What Are You Doing,GOING HALFWAY
561,Thing,GOLD BULLION
562,Living Thing,GOLDEN RETEIVER
563,Thing,GOOD HABIT
564,Phrase,GOOD JOB!
565,Phase,GOOD RIDDANCE
566,Phrase,GOOD WORK!
567,Person,GOODY TWO-SHOES
568,Rhyme Time,GOOF-PROOF
569,Things,GOOSE BUMPS
570,Thing,GOOSE BUMPS
571,Thing,GOSPEL ALBUM
572,Thing,GOSSIP COLUMN
573,Food and Drink,GOULASH
574,Thing,GRAB BAG
575,Living Thing,GRACEFUL SWAN
576,Event,GRADUATION
577,On The Map,GRANADA
578,People,GRAND JURY
579,Thing,GRAND PIANO
580,Place,GRAND
582,Event,GRAND SLAM HOME RUN
583,Family,GRANDMA OLIVE OIL
584,Food &amp; Drink,GRAPE SODA
585,Thing,GRAPH PAPER
586,Place,GREAT ESCAPES
587,Food &amp; Drink,GREEK FOOD
588,Food &amp; Drink,GRILLED VEGETABLES
589,Thing,GRIPPING PAGE-TURNER
590,Things,GROOVY GADGETS
591,Thing,GROUP DECISION
592,Event,GROWTH SPURT
593,Rhyme Time,GRUESOME TWOSOME
594,Place,GUEST BEDROOM
595,Around The House,GUEST TOWELS
596,Fictional Character,GREEN GOBLIN
597,Around The House,GUEST TOWELS
598,Living Thing,GUIDE DOG
599,Event,GUIDED TOUR
600,Fictional Characters,GUMBY &amp; POKEY
601,Phrase,GUNG HO
602,Living Thing,GUPPY
603,Thing,GUST OF WIND
604,Event,GYMNASTICS MEET
605,What Are You Doing,HAILING A TAXI
606,Event,HALFTIME SHOW
607,Thing,HALL PASS
608,Thing,HALLEY'S COMET
609,Food &amp; Drink,HALLOWEEN CUPCAKES
610,Food &amp; Drink,HAM PANINI
611,Living Thing,HAMMERHEAD SHARK
612,Around The House,HAND LOTION
613,Phrase,HANG BACK
614,Person,HAPPY BABY
615,Phrase,HAPPY HANUKKAH
616,Phrase,HAPPY AS A CLAM
617,Event,HAPPY HOUR
618,Phrase,HAPPY-GO-LUCKY
619,Thing,HARD BACK BOOK
620,Thing,HARDBACK BOOK
621,Proper Name,HARRY CONNICK JR
622,Event,HAUNTED HAYRIDE
623,Thing,HAWAIIAN SHIRT
624,Occupation,HEAD CHEF
625,Phrase,HEADS OR TAILS?
626,Event,HEALING MASSAGE
627,Thing,HEART-SHAPED SUNGLASSES
628,Thing,HEARTY APPETITE
629,Thing,HEAT WAVE
630,thing,HEAT WAVE
631,Living Thing,HEDGEHOG
632,Things,HEFTY BAGS
633,Proper Name,HELEN OF TROY
634,Phrase,HELP YOURSELF
635,Things,HELPFUL HINTS
636,Thing,HENNA TATTOO
637,Thing,HICCUPS
638,Thing,HIDDEN TREASURE
639,People,HIGH FLYERS
640,Thing,HIGH SIGN
641,Phrase,HIGH IN FIBRE
642,Event,HIGH-WIRE ACT
643,What Are You Doing,HIKING UPHILL
644,Phrase,HIP HIP HOORAY
645,Things,HIP-HUGGERS
646,Place,HISTORIC LANDMARK
647,Thing,HITCHING POST
648,Things,HOBBIES
649,Place,HOBBY SHOP
650,Event,HOCKEY GAME
651,Thing,HODGEPODGE
652,Classic TV,HOGAN'S HEROES
653,Rhyme Time,HOKEY POKEY
654,Place,HOLDING AREA
655,People,HOLIDAY SHOPPERS
656,Show Biz,HOLLYWOOD ROYALTY
657,Thing,HOME COOKING
658,Thing,HOME DECOR
659,Things,HOME MOVIES
660,Occupation,HOME CARE AID
661,Person,HOMECOMING QUEEN
662,Food &amp; Drink,HOMEMADE EGGNOG
663,Person,HOMEROOM TEACHER
664,Thing,HOMESTEAD
665,Place,HOMETOWN
666,Thing,HOMEWORK
667,Living Things,HOMING PIGEONS
668,Proper Name,HONDA ACCORD
669,Person,HONEST MAN
670,On The Map,HONG KONG
671,Thing,HORIZON
672,Thing,HORN RIMMED GLASSES
673,Rhyme Time,HOT SHOT
674,Food &amp; Drink,HOT AND SOUR SOUP
675,Phrase,HOT AND SPICY
676,Food &amp; Drink,HOT APPLE PIE
677,Food &amp; Drink,HOT CROSS BUN
678,Food and Drink,HOT OATMEAL
679,Place,HOTEL LOBBY
680,Place,HOTEL SUITE
681,Place,HOTEL GYM
682,Thing,HOUSEWORK
683,Proper Name,HOUSTON ROCKETS
684,On The Map,HOUSTON TEXAS
685,Things,HUMAN RIGHTS
686,Around The House,HUMIDIFIER
687,Living Thing,HUMMINGBIRD
688,Living Thing,HUMPBACK WHALE
689,People,HUNG JURY
690,Food &amp; Drink,HUNGARIAN SAUCE
691,Phrase,HUNKER DOWN
692,Rhyme Time,HURDY-GURDY
693,People,HUSBAND AND WIFE
694,Phrase,I'M ALL KEYED UP
695,Phrase,I'M HUNGRY
696,Phrase,I'VE GOT A FEELING ABOUT THIS
697,Phrase,I'VE GOT A HUNCH
698,Place,ICE CREAM PARLOR
699,Place,ICE SKATING RINK
700,People,IDENTICAL TWINS
701,People,IMMEDIATE FAMILY
702,Phrase,IMPECCABLE TASTE
703,Phrase,IN GOOD SPIRITS
704,Phase,IN THE GROOVE
705,People,IN-CROWD
706,Thing,IN-DEPTH STUDY
707,Thing,IN-LINE SKATES
708,Person,INCUMBENT
709,Proper Name,INDANA JONES
710,Person,INDIRA GANDHI
711,Proper Name,INDIRA GANDHI
712,Fun &amp; Games,INFLATABLE SLIDE
713,Phrase,INQUIRE WITHIN
714,Thing,INSIGNIA
715,Thing,INTRODUCTORY OFFER
716,Food &amp; Drink,IRISH COFFEE
717,Food &amp; Drink,IRISH STEW
718,Movie Title,IRON MAN
719,Fictional Character,JACK &amp; JILL
720,Fictional Characters,JACK AND JILL
721,Quotation,JACK BE QUICK
722,Thing,JACKHAMMER
723,Proper Name,JACKIE CHAN
724,Living Thing,JACKRABBIT
725,Event,JAM SESSION
726,Food and Drink,JAMBALAYA
727,Proper Name,JANE AUSTEN
728,Book Title,JANE EYRE
729,Proper Name,JANET JACKSON
730,Food &amp; Drink,JASMINE GREEN TEA
731,Food and Drink,JAWBREAKER
732,Thing,JEAN JACKET
733,Thing,JEAN SHORTS
734,Rhyme Time,JEEPERS CREEPERS
735,Proper Name,JEFF BRIDGES
736,Living Thing,JELLYFISH
737,TV Show Title,JEOPARDY
738,Fictional Character,JESSICA RABBIT
739,Proper Name,JOAN OF ARC
740,Event,JOB EXPO
741,People,JOB APPLICANTS
742,Proper Name,JOHN STAMOS
743,Fictional Characters,JOLLY ELVES
744,Living Thing,JOSHUA TREE
745,Thing,JOYSTICK
746,People,JUDGE &amp; JURY
747,Things,JUDO &amp; KARATE
748,Things,JUMPING JACKS
749,Living Things,JUNE BEETLE
750,On The Map,JUNEAU
751,Living Thing,JUNIPER TREE
752,Around The House,JUNK DRAWER
753,Place,JUNKYARD
754,Proper Name,JUPITER
755,Phrase,JUST FOCUS
756,Phrase,JUST WING IT
757,Occupation,JUSTICE OF THE PEACE
758,Event,KAYAK POLO
759,Proper Name,KEANU REEVES
760,Phrase,KEEP IT HANDY
761,Thing,KEY CHAIN
762,Thing,KEYBOARD
763,Person,KEYNOTE SPEAKER
764,Event,KICKBOXING
765,Phrase,KILLING TIME
766,Thing,KINDERGARTEN
767,Living Thing,KING COBRA
768,Title,KISS ME KATE
769,Event,KITCHEN DUTY
770,Around The House,KITCHEN GADGETS
771,Food &amp; Drink,KIWI FRUIT
772,Rhyme Time,KNITTY GRITTY
773,Phrase,KNOCK IT OFF
774,Thing,KNOW-HOW
775,Place,KOI POND
776,On The Map,KONA COAST
777,On The Map,KUALA LUMPUR
778,Phrase,KUDOS
779,Movie,KUNG FU PANDA
780,Event,LABOR DAY
781,Fictional Character,LADY MACBETH
782,On The Map,LAKE ONTARIO
783,On The Map,LAKE ONTARIO
784,Thing,LANDING GEAR
785,Around The House,LAPTOP COMPUTER
786,Proper Name,LARRY KING
787,Show Biz,LAS VEGAS STAGE SHOW
788,Thing,LASERJET PRINTER
789,Thing,LAUGHING GAS
790,Around The House,LAUNDRY BASKET
791,Around The House,LAUNDRY HAMPER
792,Thing,LAUNDRY LIST
793,Place,LAW FIRM
794,People,LAWMAKERS
795,Occupation,LEAD SINGER
796,Fun &amp; Games,LEAPFROG
797,Thing,LEATHER GLOVES
798,Around The House,LEATHER RECLINER
799,What Are You Doing,LEAVING EARLY
800,Place,LECTURE HALL
801,Fictional Character,LEPRECHAUN
802,Proper Name,LEWIS BLACK
803,Event,LIBERTY BOWL
804,Thing,LIBRARY CARD
805,Thing,LIBRARY BOOK
806,Place,LICENSE BUREAU
807,Person,LIFE COACH
808,Phrase,LIFE IS GOOD
809,Things,LIFE SAVINGS
810,Food &amp; Drink,LIFESAVERS
811,Phrase,LIGHTNING FAST
812,On The Map,LIMA PURU
813,Things,LIMITED EDITION
814,Living Thing,LIONESS
815,Event,LIVE RECORDING
816,Place,LIVING ROOM
817,Living Thing,LLAMA
818,Food &amp; Drink,LOAF OF STALE BREAD
819,Occupation,LOAN OFFICER
820,Person,LOAN SHARK
821,Place,LOCAL BOUTIQUE
822,Around The House,LOCKABLE CABINET
823,Thing,LOCKET
824,Place,LOG HOUSE
825,Thing,LOGIC
826,Place,LONDON'S BIG Bening
827,People,LONGSHOREMEN
828,Title,LOS ANGELES TIMES
829,Person,LOTTERY WINNER
830,Person,LOVEABLE GUY
831,People,LOVEBIRDS
832,Place,LOVER'S LANE
833,Event,LOVER'S SPAT
834,Rhyme Time,LOVEY-DOVEY
835,Phrase,LOW IN CALERIES
836,Phrase,LOWER YOUR VOICE
837,Title,LUCKY PEER
838,Occupation,LUMBERJACK
839,Event,LUNCH HOUR
840,Thing,LUXERY LINER
841,Thing,LUXURY CAR
842,Thing,MACKINAW
843,Thing,MACRAME
844,Phrase,MADE TO ORDER
845,Thing,MAGAZINE ISSUE
846,Occupation,MAIL CARRIER
847,Thing,MAILBAG
848,Book Title,MAIN BRANCH
849,Place,MAIN OFFICE
850,Event,MAJOR OVERHAUL
851,Phrase,MAKING A FUSS
852,Living Thing,MALTESE
853,Person,MAN OF THE HOUR
854,Living Thing,MANX CAT
855,Proper Name,MARCO POLO
856,Proper Name,MARGARET CHO
857,Proper Name,MARK TWAIN
858,Phrase,MARK MY WORDS
859,Proper Name,MARTIN LUTHER KING JR.
860,Proper Name,MARY HIGGINS CLARK
861,Food &amp; Drink,MARZIPAN
862,Person,MASTERMIND
863,Thing,MATH QUIZ
864,Occupation,MEDICAL EXAMINER
865,Person,MEDICAL DOCTOR
866,Person,MEDICINE MAN
867,Title,MEN'S HEALTH
868,Fictional Place,METROPOLIS
869,Place,MEZZANINE
870,Proper Name,MICHAEL JORDAN
871,Thing,MICROSCOPE
872,Phrase,MICROWAVE POPCORN
873,Thing,MIDDLE NAME
874,Classic Movies,MIDNIGHT COWBOY
875,Fictional Character,MIGHTY MOUSE
876,Proper Name,MIKE MYERS
877,Food &amp; Drink,MILK CHOCOLATE
878,Proper Name,MILTON BRADLEY
879,Phrase,MIND GAME
880,Living Thing,MINIATURE DONKEY
881,Living Things,MINIATURE SCHNAUZER
882,Fictional Character,MINNIE MOUSE
883,Food &amp; Drink,MISO SOUP
884,Classic TV,MISSION IMPOSSIBLE
885,Phrase,MIXED BAG
886,Around The House,MOISURIZING CREAM
887,In The Kitchen,MOKA POT
888,Food &amp; Drink,MOLASSES
889,Event,MONDAY MORNING
890,Thing,MONKEY WRENCH
891,On The Map,MONTEREY BAY
892,Phrase,MOOLA
893,Rhyme Time,MOP TOP
894,Living Thing,MORNING GLORY
895,Event,MORNING RECESS
896,Place,MOROCCAN CASBAH
897,Around The House,MOSAIC TABLE
898,Place,MOTEL ROOM
899,Family,MOTHER AND SON
900,Proper Name,MOTHER TERESA
901,Thing,MOTOR SCOOTER
902,Thing,MOTORBIKE
903,Thing,MOTORIZED GLIDER
904,Landmark,MOUNT RUSHMORE
905,Landmark,MOUNT SHASTA
906,Landmark,MOUNT VESUVIUS
907,Landmark,MOUNT FUJI IN JAPAN
908,Place,MOUNTAIN CABIN
909,Around The House,MOUSEPAD
910,Thing,MOUSETRAP
911,Around The House,MOUTHWASH
912,Occupation,MOVIE CRITIC
913,Event,MOVING DAY
914,Fictional Character,MRS. CLAUS
915,Around The House,MUSIC BOX
916,Things,MUSIC DOWNLOADS
917,Occupation,MUSIC TEACHER
918,Person,MYSTERY BUFF
919,Person,NARRATOR
920,Event,NATIONWIDE SURVEY
921,Thing,NATIVE TONGUE
922,Thing,NATURAL HABITAT
923,Food &amp; Drink,NECTARINES
924,Family,NEICES &amp; NEPHEWS
925,Proper Name,NELLY FURTADO
926,Thing,NEW HAIRSTYLE
927,On The Map,NEW YORK CITY
928,On DVD,NEW ZOO REVIEW
929,Person,NEWBIE
930,People,NEWBORN BABIES
931,Landmark,NIAGRA FALLS
932,Thing,NICKNAME
933,Occupation,NIGHT WATCHMAN
934,Thing,NIGHT JOB
935,Phrase,NO HOLDS BARRED
936,People,NO-SHOWS
937,Food &amp; Drink,NONFAT YOGURT
938,On The Map,NORMANDY
939,Living Thing,NORWEGIAN BUHUND
940,Living Thing,NORWEGIAN ELKHOUND
941,Person,NOTARY PUBLIC
942,Person,NOTED AUTHORITY
943,Thing,NOTEPAD
944,Phrase,NOTHING TO SNEEZE AT
945,Phrase,NOW AND FOREVER
946,Food &amp; Drink,OAT BRAN CEREAL
947,Living Thing,OCEAN SUNFISH
948,Things,OCEAN VIEWS
949,Things,ODD NUMBERS
950,Thing,ODD NUMBERS
951,Title,ODDS AND ENDS
952,Phrase,OFF THE CUFF
953,People,OFFENSIVE LINEMAN
954,Thing,OFFICIAL WEBSITE
955,Phrase,OH PHOOEY
956,Phrase,OH PHOOEY
957,Person,OIL TYCOON
958,Title,OKLAHOMA
959,Food &amp; Drink,OKRA SALAD
960,Person,OLD TIMER
961,Living Thing,OLD ENGLISH SHEEPDOG
962,Fictional Character,OLIVE OYL
963,Classic Movies,OLIVER!
964,On The Map,OMAHA NEBRASKA
965,Phrase,ON THE MOVE
966,Things,ON-LINE SURVEY
967,Phrase,ONE OCTAVE HIGHER
968,Rhyme Time,OOKY SPOOKY
969,Thing,OPAL BROOCH
970,Classic Movie,ORDINARY PEOPLE
971,Food &amp; Drink,ORGANIC GRANOLA
972,Book Title,OUT OF AFRICA
973,Place,OUTER SPACE
974,Place,OUTPATIENT CLINIC
975,Thing,OVERNIGHT BAG
976,Food &amp; Drink,PAD THAI
977,Thing,PADDLEBALL
978,Event,PAID VACATION
979,Fun &amp; Games,PAINTBALL FIGHT
980,Living Thing,PALOMINO
981,Thing,PANHANDLE
982,In The Kitchen,PAPRIKA
983,Proper Name,PARAMOUNT PICTURES
984,On The Map,PARK CITY UTAH
985,Place,PARKING GARAGE
986,Living Thing,PARROTFISH
987,Landmark,PARTHENON
988,Things,PARTICLEBOARD
989,Thing,PARTING SHOT
990,Fun And Games,PARTY GAMES
991,Classic TV,PASSWORD
992,Phrase,PATIENCE IS A VIRTUE
993,People,PATIENTS
994,Thing,PATIO UMBRELLA
995,Fictional Character,PAUL BUNYAN
996,Proper Name,PAULA ABDUL
997,Phase,PAVE THE WAY
998,People,PAYING CUSTOMERS
999,Thing,PEACH FUZZ
1000,On The Map,PEBBLE BEACH CALIFORNIA
1001,Thing,PEDOMETER
1002,On The Map,PEKING CHINA
1003,People,PENNSYLVANIA DUTCH
1004,Proper Name,PEOPLE'S CHOICE AWARDS
1005,Event,PEP RALLY
1006,Thing,PEP TALK
1007,Fictional Character,PEPE LE PEW
1008,Food &amp; Drink,PEPPERMINT BARK
1009,Event,PERFECT VACATION
1010,Before &amp; After,PERFORMING ARTS AND CRAFTS
1011,Phrase,PERMANENT FIXTURE
1012,Fictional Character,PERRY MASON
1013,Occupation,PERSONAL TRAINER
1014,Food &amp; Drink,PESTO PASTA SALAD
1015,Fictional Character,PETER PAN
1016,Thing,PETRIFIED ROCK
1017,Occupation,PHARMACY TECHNICIAN
1018,Living Thing,PHILODENDRON
1019,Person,PHILOSOPHY MAJOR
1020,Rhyme Time,PHONY-BALONEY
1021,Event,PHOTO FINISH
1022,Thing,PHOTO LAB
1023,Thing,PHOTOCOPY
1024,Thing,PICKET FENCE
1025,Food &amp; Drink,PICKLED FISH
1026,Food &amp; Drink,PICKLED OYSTERS
1027,Place,PICNIC AREA
1028,Thing,PICNIC BASKET
1029,Place,PICTURESQUE TOWN
1030,Fun And Games,PIGGYBACK RIDE
1031,Occupation,PILOT
1032,Food &amp; Drink,PIMENTO LOAF
1033,Food &amp; Drink,PINA COLADA
1034,Thing,PINATA
1035,Around The House,PINCUSHION
1036,Thing,PING-PONG BALL
1037,Proper Name,PINK FLOYD
1038,Phrase,PIPE DREAM
1039,Food &amp; Drink,PISTACHIO NUTS
1040,In The Kitchen,PIZZA OVEN
1041,Proper Name,PIZZA HUT
1042,Food &amp; Drink,PIZZA WITH ANCHOVIES
1043,Place,PIZZERIA
1044,Occupation,PLACE KICKER
1045,Thing,PLAID SHIRT
1046,Phrase,PLAIN AS DAY
1047,Fictional Place,PLANET KRYPTON
1048,Place,PLANETARIUM
1049,In The Kitchen,PLASTIC SPOON
1050,Phrase,PLAY THE FOOL
1051,Phrase,PLAY IT SAFE
1052,Place,PLAYGROUND
1053,What Are You Doing,PLAYING DARTS
1054,Things,PLEATED SLACKS
1055,Food &amp; Drink,PLUM PUDDING
1056,Thing,PLUMBING
1057,Before &amp; After,PLYMOUTH ROCK OF GIBRALTER
1058,On The Map,POCONO MOUNTAINS
1059,Event,POETRY READING
1060,Phrase,POETRY IN MOTION
1061,Person,POINT MAN
1062,Thing,POINTED EARS
1063,Living Things,POLAR BEARS
1064,Event,POLE VAULT
1065,People,POLICYMAKERS
1066,Living Thing,POMERANIAN
1067,On The Map,PONTIAC MICHIGAN
1069,POOH,CORNER
1070,Fun And Games,POOL PARTY
1071,Show Biz,POP MUSIC
1072,Things,POP-UP BOOKS
1073,In The Kitchen,PORCELAIN DISH
1074,Living Thing,PORCUPINE
1075,Place,PORT HURON MICHIGAN
1076,On The Map,PORTUGAL
1077,Food &amp; Drink,POT STICKER
1078,Food &amp; Drink,POTATO ROLLS
1079,Food &amp; Drink,POTATO SOUP
1080,Food and Drink,POTATO PANCAKES
1081,On The Map,PRAGUE
1082,Living Thing,PRAYING MANTIS
1083,Show Biz,PREMIERE PERFORMANCE
1084,Thing,PRESIDENTIAL SEAL
1085,Living Thing,PRICKLY CACTUS
1086,Place,PRIME LOCATION
1087,Fictional Character,PRINCE VALIANT
1088,Place,PRIVATE BALCONY
1089,Phrase,PRIVATE PARKING
1090,Before And After,PRIVATE EYE EXAM
1091,Place,PRIVATE SCHOOL
1092,Thing,PRIZE PUZZLE
1093,Event,PRIZEFIGHT
1094,Person,PROBLEM SOLVER
1095,things,PROPANE TANK
1096,Person,PROUD PAPA
1097,On The Map,PROVO UTAH
1098,Occupation,PSYCHIC
1099,Thing,PSYCODELIC
1100,Occupation,PUBLIC DEFENDER
1101,Place,PUBLIC LIBRARY
1102,Person,PUBLIC OFFICIAL
1103,Thing,PUBLIC PARKING
1104,Person,PUBLIC SPEAKER
1105,Thing,PUBLIC UTILITY
1106,Thing,PUBLICITY
1107,Person,PUBLISHING EXECUTIVE
1108,Living Thing,PUFFIN
1109,Classic TV,PUNKY BREWSTER
1110,Thing,PURE GOLD
1111,Person,PURVEYOR
1112,Things,PUSHUPS
1113,Thing,PUZZLE
1114,Thing,PYRAMID
1115,Landmark,PYRAMIDS OF GIZA
1116,Phrase,QUANTUM LEAP
1117,Living Thing,QUARTER HORSE
1118,Rhyme Time,QUICK PICKS
1119,Thing,QUESTIONNAIRE
1120,Thing,QUICK BITE
1121,Rhyme Time,QUICK PICKS
1122,Phase,QUICK AND EASY
1123,Phrase,QUITE A JOLT
1124,Person,RABBLE-ROUSER
1125,Proper Name,RACHEL MCADAMS
1126,Thing,RADIO DIAL
1127,Things,RAFFLE TICKET
1128,Fictional Character,RAMBO
1129,Thing,RAP MUSIC
1130,Thing,RAPID TRANSIT
1131,Living Things,RAVENS
1132,Things,RAYS OF SUNSHINE
1133,Rhyme Time,RAZZLE- DAZZLE
1134,Rhyme Time,RAZZLE-DAZZLE
1135,Thing,RECORD RAINFALL
1136,Food &amp; Drink,RED RASPBERRIES
1137,Phrase,RED AS A BEET
1138,Living Thing,RED-TAILED HAWK
1139,Food and Drink,REDUCED FAT MILK
1140,Living Thing,REDWOOD TREE
1141,Food &amp; Drink,REFRIED BEANS
1142,In The Kitchen,REFRIGERATOR
1143,What Are You Doing,REGIFTING A GIFT
1144,Place,REGIONAL AIRPORT
1145,Person,REIGNING CHAMPION
1146,Phrase,REMEMBER WHEN
1147,What Are You Doing,RENTING A MOVIE
1148,People,REPEAT CUSTOMERS
1149,People,REPEAT PATIENTS
1150,People,RESCUE DIVERS
1151,Place,RESEARCH LIBRARY
1152,Food &amp; Drink,REUBEN SANDWICH
1153,Person,RHODES SCHOLAR
1154,Things,RIBBONS AND BOWS
1155,Food &amp; Drink,RICE PUDDING
1156,Classic TV,RICHIE &amp; THE FONZ
1157,What Are You Doing?,RIDING IN A LIMOUSINE
1158,Song Title,RING OF FIRE
1159,Thing,RISKY MOVIE
1160,Fictional Character,ROAD RUNNER
1161,Food &amp; Drink,ROASTED POTATOES
1162,Food and Drink,ROASTED GARLIC
1163,Thing,ROBIN'S EGG
1164,Event,ROCK CONCERT
1165,Place,ROCK QUARRY
1166,Thing,ROCK SCULPTURE
1167,Around The House,ROCKING CHAIR
1168,Fictional character,ROCKY BALBOA
1169,Fictional Characters,ROCKY &amp; BULLWINKLE
1170,Phrase,ROMANTIC SPARKS
1171,Title,ROMEO AND JULIET
1172,Person,ROOKIE QUARTERBACK
1173,Thing,ROSY CHEEKS
1174,Place,ROYAL PALACE
1175,Things,RUBBER BOOTS
1176,Around The House,RUBBER DUCKY
1177,Place,RURAL TOWN
1178,Phrase,SAFE AND SOUND
1179,Person,SAFECRACKER
1180,On The Map,SAHARA DESERT
1181,Living Things,SAINT BERNARD
1182,On The Map,SALEM OREGON
1183,Food &amp; Drink,SALMON CAKES
1184,Food &amp; Drink,SALSBURY STEAK
1185,Food &amp; Drink,SALTED CASHEWS
1186,Proper Name,SAMMY HAGAR
1187,Place,SAND TRAP
1188,Place,SANDWICH SHOP
1189,Fictional Character,SANTA CLAUS
1190,Fictional Character,SANTA'S ELVES
1191,Food &amp; Drink,SAVERY MEAL
1192,What Are You Doing?,SAYING I DO
1193,Thing,SCARY TALE
1194,Place,SCHOOL BUS STOP
1195,Thing,SCHOOL BUS
1196,Fun &amp; Games,SCRABBLE
1197,Living Thing,SEA HORSE
1198,Event,SEA KAYAKING
1199,Living Thing,SEA URCHAN
1200,Food and Drink,SEA SALT
1201,Food &amp; Drink,SEAFOOD SALAD
1202,People,SEARCH PARTY
1203,Thing,SEARCH ENGINE
1204,Event,SECOND HONEYMOON
1205,Event,SECURITY BREACH
1206,Phrase,SEIZE THE DAY
1207,Event,SENATE HEARING
1208,Event,SENIOR PROM
1209,Thing,SERVICE ENTRANCE
1210,Phrase,SETTING THE STAGE
1211,Phrase,SETTING THE STAGE
1212,Phrase,SHABBY CHIC
1213,Event,SHADOWBOXING
1214,Place,SHADY BACKYARD
1215,phrase,SHAKE IT UP
1216,Thing,SHAMROCK
1217,On The Map,SHANGHAI CHINA
1218,What Are You,SHARING A SECRET
1219,Things,SHARP FANGS
1221,SHARPED DRESSED,MAN
1222,Food &amp; Drink,SHEPHERD'S PIE
1223,Fictional Character,SHERLOCK HOLMES
1224,Living Thing,SHETLAND PONY
1225,Living Thing,SHIH TZU
1226,Person,SHIPS CAPTAIN
1227,Food and Drink,SHISH KEBABS
1228,Around The House,SHOEBOX
1229,What Are You Doing,SHOOING FLIES
1230,Place,SHOPPING MALL
1231,Thing,SHORTWAVE RADIO
1232,TV Show Title,SHOWBIZ TONIGHT
1233,Around The House,SHOWER CADDY
1234,Around The House,SHOWER RADIO
1235,Person,SHOWOFF
1236,Food &amp; Drink,SHRIMP BISQUE
1237,Food &amp; Drink,SHRIMP PAD THAI
1238,Place,SIDEWALK CAFE
1239,Thing,SIGN LANGUAGE
1240,Thing,SIGNING 2
1241,Event,SILENT AUCTION
1242,Person,SILENT PARTNER
1243,Place,SILICON VALLEY
1244,Living Thing,SILKWORM
1245,What Are You Doing,SINGING OFF-KEY
1246,Phrase,SINK OR SWIM
1247,Thing,SKETCHBOOK
1248,Event,SKI JUMPING
1249,Things,SKI GOGGLES
1250,Thing,SKIMPY BIKINI
1251,Occupation,SKYCAP
1252,Person,SKYDIVER
1253,Phrase,SLAPHAPPY
1254,Fictional Character,SLEEPING BEAUTY
1255,Event,SLEIGH RIDE
1256,Event,SLOW DANCE
1257,Person,SLOWPOKE
1258,Phrase,SMOKING GUN
1259,Phrase,SMOOTH AS SILK
1260,Food &amp; Drink,SMOTHERED CHICKEN
1261,Fictional Character,SNOOPY
1262,Food &amp; Drink,SNOW CONE
1263,Living Thing,SNOW LEOPARD
1264,Fictional Character,SNOW WHITE
1265,Event,SNOWSTORM
1266,Rhyme Time,SNUG AS A BUG IN A RUG
1267,What Are You Doing,SOAKING IN A HOT TUB
1268,Things,SOAP BUBBLES
1269,Place,SOCCER STADIUM
1270,Proper Name,SOCRATES
1271,Things,SODA FOUNTAIN
1272,Food &amp; Drink,SODA WATER
1273,Around The House,SOFA BED
1274,Thing,SOFT MUSIC
1275,Around The House,SOFT PILLOW
1276,Event,SOLAR ECLIPSE
1277,Thing,SONIC BOOM
1278,Thing,SOUND CHECK
1279,Food &amp; Drink,SOUP &amp; SANDWICH
1280,In The Kitchen,SOUP BOWL
1281,Food &amp; Drink,SOUP DU JOUR
1282,On The Map,SOUTH AMERICA
1283,On The Map,SOUTH KOREA
1284,On The Map,SOUTH POLE
1285,Person,SOUTHPAW
1286,Food &amp; Drink,SOY FLOUR
1287,Place,SPACIOUS APARTMENT
1288,Place,SPACIOUS HOME
1289,Thing,SPANISH DICTIONARY
1290,Event,SPEARFISHING
1291,Event,SPECTATOR SPORT
1292,Occupation,SPEECH PATHOLOGIST
1293,Person,SPEED READER
1294,Thing,SPEEDING TICKET
1295,What Are You Doing,SPENDING LESS MONEY
1296,Phrase,SPICE IT UP
1297,Thing,SPIRAL NOTEBOOK
1298,Thing,SPLIT SECOND
1299,Food &amp; Drink,SPLIT PEA SOUP
1300,Place,SPOOKY SWAMP
1301,In The Kitchen,SPOON &amp; FORK
1302,Title,SPORTS ILLUSTRATED
1303,Living Things,SPOTTED DALMATIONS
1304,Event,SQUARE DANCE
1305,Classic TV,SQUARE PEGS
1306,Event,SQUARE DANCE
1307,Occupation,STAFF NURSE
1308,Event,STAMPEDE
1309,Song Title,STAND BY ME
1310,Living Thing,STANDARD POODLE
1311,Thing,STANDARD OF LIVING
1312,Phrase,STAR QUALITY
1313,Person,STAR PUPIL
1314,Show Biz,STAR-STUDDED AFFAIR
1315,Event,STARGAZING
1316,Person,STATE SENATOR
1317,Show Biz,STATION BREAK
1318,Person,STAUNCH SUPPORTER
1319,Place,STEAK HOUSE
1320,Food &amp; Drink,STEAK TARTARE
1321,Food &amp; Drink,STEAK AND POTATOES
1322,Food and Drink,STEAMED VEGETABLES
1323,Rhyme Time,STEER CLEAR
1324,Food &amp; Drink,STEWED OKRA
1325,living thing,STINK BUG
1326,Event,STIRRING SPEECH
1327,Things,STOCK OPTIONS
1328,Occupation,STOCK CLERK
1329,Things,STONEWASHED JEANS
1330,Food &amp; Drink,STRAWBERRY JAM
1331,Food &amp; Drink,STRAWBERRY SHORTCAKE
1332,Food &amp; Drink,STRING CHEESE
1333,People,STRING QUARTET
1334,Phrase,STROKE OF LUCK
1335,People,STUDIO AUDIENCE
1336,Things,STUFFED ANIMALS
1337,What Are You Doing,STUFFING A TURKEY
1338,Thing,STYLISH WARDROBE
1339,Person,SUBSTITUTE TEACHER
1340,Places,SUBURBS
1341,People,SUBWAY RIDERS
1342,Fun &amp; Games,SUDOKU
1343,Thing,SUEDE JACKET
1344,Food &amp; Drink,SUGAR CUBE
1345,Landmark,SUGARLOAF MOUNTAIN
1346,Thing,SUIT OF ARMOR
1347,Event,SUMMER GETAWAY
1348,Thing,SUMMER JOB
1349,Place,SUMMER CAMP
1350,Things,SUN MOON AND STARS
1351,People,SUNBATHERS
1352,Food &amp; Drink,SUNFLOWER SPROUTS
1353,Event,SUPER BOWL
1354,Phrase,SURF'S UP
1355,Proper Name,SUSAN ANTONE
1356,Place,SWANKY HOTEL
1357,Thing,SWEDISH MASSAGE
1358,Food and Drink,SWEET POTATO PIE
1359,Thing,SWIM GOGGLES
1360,Food &amp; Drink,SWISS STEAK
1361,On The Map,SWITZERLAND
1362,Landmark,SYDNEY OPERA HOUSE
1363,People,SYMPHONY
1364,Thing,SYNONYM
1365,Around The House,TABLE LAMP
1366,Proper Name,TACO BELL
1367,Place,TACO STAND
1368,Fun &amp; Games,TAFFY PULL
1369,Landmark,TAJ MAHAL
1370,person,TALENTED ARTIST
1371,Thing,TALKING DOLL
1372,Thing,TAMBOURNE
1373,Thing,TANDEM BICYCLE
1374,Thing,TANK TOP
1375,Fictional Character,TARZAN AND JANE
1376,People,TASK FORCE
1377,Things,TASTE BUDS
1378,Person,TEACHER'S PET
1379,People,TEACHING STAFF
1380,People,TEAM MEMBERS
1381,People,TEAMSTERS
1382,Thing,TECHNICAL KNOCKOUT
1383,Proper Name,TED KOPPEL
1384,Classic TV,TED BAXTER &amp; SUE ANN NIVENS
1385,Show Biz,TEEN HEARTTHROB
1386,People,TEENAGERS
1387,Thing,TEETER TOTTER
1388,Thing,TELEPHONE POLE
1389,Thing,TEMPTING IDEA
1390,Fictional character,TENNESSEE TUXEDO
1391,Event,TENNIS TOURNAMENT
1392,Event,TENNIS MATCH
1393,Event,TENT SALE
1394,Thing,TERM PAPER
1395,Place,TERRACE
1396,Proper Name,TEXAS A&amp;M UNIVERSITY
1397,Thing,TEXTBOOK
1398,things,THANK-YOU CARDS
1399,Landmark,THE ACROPOLIS
1400,TV Title,THE BACHELOR
1401,TV Title,THE VIEW
1402,Classic Movies,THE GODFATHER
1403,Classic Movie,THE GRADUATE
1404,Landmark,THE
1405,EIFFEL,TOWER
1406,Classic TV,THE A-TEAM
1407,Proper Name,THE BEACH BOYS
1408,Phrase,THE BIG LEAGUES
1409,Classic Movies,THE BIG CHILL
1410,Landmark,THE COLOSSEUM
1411,Classic TV,THE COSBY SHOW
1412,Title,THE DENVER POST
1413,Quotation,THE EAGLE HAS LANDED
1414,Fictional Character,THE GREAT GAZOO
1415,Book Title,THE JUNGLE BOOK
1416,Landmark,THE LOUVRE MUSEUM
1417,Classic TV,THE ODD COUPLE
1418,Thing,THE SEATTLE TIMES
1419,Landmark,THE WAILING WALL
1420,Landmark,THE WHITE HOUSE
1421,Phrase,THE WHOLE SHEBANG
1422,People,THEATERGOERS
1423,In The Kitchen,THERMAL CARAFE
1424,Around The House,THROW RUGS
1425,Landmark,TIANANMEN SQUARE
1426,Living Thing,TIMBER WOLF
1427,Thing,TIME CAPSULE
1428,Things,TIMELESS TREASURES
1429,Fictional Character,TINKERBELL
1430,Song,TINY DANCER
1431,Things,TIRE TRACKS
1432,Classic Movies,TO CATCH A THIEF
1433,Classic Movie,TO SIR WITH LOVE
1434,Fictional Character,TOM THUMB
1435,Fictional Character,TOM SAWYER
1436,Food &amp; Drink,TOMATO GAZPACHO
1437,Person,TOMBOY
1438,Fictional Character,TOOTH FAIRY
1439,Around The House,TOOTHBRUSH
1440,People,TOP BRASS
1441,People,TOP PLAYERS
1442,Phrase,TOP-NOTCH
1443,Phrase,TOPSY-TURVY
1444,Thing,TOUGH LOVE
1445,Things,TOUGH QUESTIONS
1446,Occupation,TOUR GUIDE
1447,Event,TRAFFIC GRIDLOCK
1448,People,TRAINED TECHNICIANS
1449,People,TRAINED ATHLETES
1450,Place,TRAINING CAMP
1451,Around The House,TRASH CAN
1452,On The Map,TRINIDAD
1453,People,TRIPLETS
1454,Thing,TROPICAL BREEZE
1455,Person,TROUBADOR
1456,Place,TRUCK STOP
1457,Thing,TUMMY TUCK
1458,Food &amp; Drink,TUNA CASSEROLE
1459,In The Kitchen,TURKEY BASTER
1460,Food &amp; Drink,TURKEY DIVAN
1461,Food &amp; Drink,TURKEY TETRAZINNI
1462,Title,TV GUIDE
1463,Show Biz,TV SPINOFF
1464,Fiction,TWEETY BIRD
1465,Around The House,TWIN BEDS
1466,People,TWINS
1467,Thing,TWO-WAY PAGER
1468,Thing,TWO-WAY RADIO
1469,Place,UNDERGROUND VAULT
1470,People,UNEXPECTED COMPANY
1471,Thing,UNICYCLE
1472,People,UNSUNG HEROS
1473,Phrase,UP THE ANTE
1474,Phrase,UP UP AND AWAY!
1475,Phrase,UP-AND-COMING
1476,Thing,URANIUM
1477,Place,URBAN HOT SPOT
1478,People,USUAL SUSPECTS
1479,Proper Name,UTAH JAZZ
1480,Around The House,UTENSIL DRAWER
1481,Thing,VACATION ACCOUNT
1482,Thing,VACATION BROCHURE
1483,People,VACATIONERS
1484,On The Map,VAIL COLORADO
1485,Things,VALUABLES
1486,On The Map,VANCOUVER
1487,Food &amp; Drink,VANILLA PUDDING
1488,Title,VANITY FAIR
1489,Proper Name,VASSER COLLEGE
1490,Thing,VAULTED CEILING
1491,People,VEGETARIANS
1492,Thing,VENDING MACHINE
1493,Thing,VERBAL CONTRACT
1494,Phrase,VERY HUSH-HUSH
1495,Phrase,VICIOUS CYCLE
1496,On The Map,VICTORIA ISLAND
1497,Thing,VIDEO POKER
1498,Things,VIDEOTAPE
1499,People,VIKINGS
1500,People,VIRGOS
1501,Thing,VIRTUAL REALITY
1502,Place,VISITORS' AREA
1503,Things,VOICE MAIL
1504,People,VOLLEYBALL TEAM
1505,Place,WAITING ROOM
1506,What Are You Doing,WAITING TABLES
1507,Thing,WAKE-UP CALL
1508,What Are You Doing?,WALKING MY DOG
1509,Thing,WALL MAP
1510,Food &amp; Drink,WASABI CHIPS
1511,Title,WASHINGTON POST
1512,Proper Name,WASHINGTON REDSKINS
1513,Thing,WATCHFUL EYE
1514,In The Kitchen,WATER PURIFIER
1515,Food &amp; Drink,WATERCRESS
1516,Thing,WAVELENGTH
1517,Thing,WAVY HAIR
1518,Place,WAX MUSEUM
1519,Occupation,WEBMASTER
1520,Phrase,WEDDED BLISS
1521,Place,WEDDING CHAPEL
1522,Thing,WEDDING CORSAGE
1523,Event,WEDDING RECEPTION
1524,Event,WEEKEND ESCAPE
1525,Event,WEEKEND GETAWAY
1526,Things,WEEKNIGHTS
1527,Around The House,WELCOME MAT
1528,Phrase,WELCOME ABOARD
1529,People,WELL-WISHERS
1530,Food and Drink,WHEAT GERM
1531,Thing,WHEELED LUGGAGE
1532,Food &amp; Drink,WHITE PEPPER
1533,Before &amp; After,WHITE HOUSE DRESSING
1534,Food &amp; Drink,WHITE BEAN CHILI
1535,Book Title,WHITE FANG
1536,WHITTY,ONE-LINERS
1537,Thing,WHODUNIT MYSTERY
1538,Food &amp; Drink,WHOLE GRAIN
1539,On The Map,WICHITA KANSAS
1540,Fictional Character,WICKED WITCH
1541,Phrase,WIGGLE ROOM
1542,Rhyme Time,WILD CHILD
1543,Place,WILDFIRE REFUGE
1544,People,WILLING PARTICIPANTS
1545,Thing,WIND POWER
1546,Things,WINDOW SEATS
1547,Around The House,WINE BOTTLE
1548,Things,WINE CARAFES
1549,Thing,WINE MENU
1550,People,WINNERS CIRCLE
1551,Event,WINTER VACATION
1552,Things,WISECRACKS
1553,Phrase,WISH ME LUCK
1554,Proper Name,WOLFGANG AMADEUS MOZART
1555,Fictional Character,WONDER GIRL
1556,Around The House,WOOD GLUE
1557,Person,WOODCARVER
1558,Things,WOODEN CLOGS
1559,Living Thing,WOODPECKER
1560,Place,WOODSHED
1561,Event,WOODSTOCK
1562,Thing,WOODSY AROMA
1563,Thing,WOOL HAT
1564,Person,WORKAHOLIC
1565,People,WORKING STIFFS
1566,Thing,WORKOUT
1567,Thing,WORKSHOP
1568,Living Thing,WORM
1569,Person,WORRYWART
1570,People,WRECKING CREW
1571,Thing,WRISTWATCH
1572,Thing,WRITER'S BLOCK
1573,Place,YACHT HARBOR
1574,What Are You Doing,YAWNING
1575,Event,YEAR-END CLEARANCE SALE
1576,Thing,YOGA
1577,Thing,YOGA POSE
1578,Food &amp; Drink,YORKSHIRE PUDDING
1579,Phrase,YOU CAN DO IT
1580,Phrase,YOU'RE GOOD TO GO
1581,Thing,YOUNG LOVE
1582,Phrase,YOUNG AT HEART
1583,On The Map,YUMA ARIZONA
1584,Fictional Character,ZOMBIES
1585,Occupation,ZOOKEEPER
1586,Phrase,ZOOM IN
1587,Fictional Character,ZORRO
1588,Event,FALSE ALARM
1589,Rhyme Time,TRUE BLUE
1590,Phrase,ADULTS GET IN AT THE KIDS PRICE
1591,Living Thing,AFGHAN HOUND
1592,Thing,AMINO ACID
1593,Thing,AUDIO BOOK
1594,Living Things,BABY CHICKS
1595,Around The House,BABY WIPES
1596,Thing,BABY BOOTIES
1597,Things,BEAUTY TRIPS
1598,Thing,BEESWAX
1599,Person,BIKE RIDER
1600,Person,BOXING CHAMPION
1601,Food &amp; Drink,BULK CANDY
1602,Occupation,CAKE DECORATOR
1603,Thing,CALLIGRAPHY
1604,Thing,CATWALK
1605,Person,CELEBRATED BROADWAY ACTRESS
1606,Person,CELEBRITY JUDGE
1607,Food &amp; Drink,CEVICHE
1608,Proper Name,CHICAGO CUBS
1609,Living Thing,CHIPMUNK
1610,Classic TV,CHIPS
1611,Person,CHOIRBOY
1612,Person,CLASSIC TV BUFF
1613,Around The House,COMFY SOFA
1614,Title,CONSUMER REPORTS
1615,Event,DAYBREAK
1616,Thing,DREAM JOB
1617,Around The House,DRIPPING FAUCET
1618,People,EAGER HOPEFULS
1619,In The Kitchen,EGG SPOON
1620,Proper Name,ELIJAH WOOD
1621,Things,EVEN NUMBERS
1622,Phrase,EXCITING STORY
1623,Place,FAIRGROUND
1624,Phrase,FAT CHANCE
1625,People,FLIGHT CREW
1626,Phrase,FLUFF &amp; FOLD
1627,Thing,FORWARD PASS
1628,Fictional Character,FREDDY KRUEGER
1629,Person,FREETHINKER
1630,Thing,FREIGHT CAR
1631,Occupation,GEOLOGIST
1632,Phrase,GO FOR BROKE
1633,What Are You Doing,GOING SKYDIVING
1634,Phrase,GOOD GRIEF
1635,Food &amp; Drink,GRILLED PINEAPPLE
1636,Event,HAVING A BABY
1637,Event,HAWAIIAN LUAU
1638,What Are You Doing,HEAPING PRAISE
1639,Phrase,HISTORY IN THE MAKING
1640,Rhyme Time,HOCUS-POCUS
1641,Place,HOME OFFICE
1642,Thing,HOUSEHOLD
1643,Phrase,I DOZED OFF
1644,Things,INGENIOUS IDEA
1645,Living Things,IRISH WOLFHOUND
1646,People,JOGGERS
1647,Thing,KNOWLEDGE
1648,Event,KWANZAA
1649,Phrase,LADIES FIRST
1650,Rhyme Time,LEGAL EAGLE
1651,Thing,LUGGAGE TAG
1652,Food &amp; Drink,MANGO CHUNKS
1653,Proper Name,MATTHEW BRODERICK
1654,Proper Name,MAYA ANGELOU
1655,Thing,MORNING FOG
1656,Proper Name,MR. OLYMPIA
1657,Things,MUD FLAPS
1658,Phrase,NIP AND TUCK
1659,Occupation,OFFICE CLERK
1660,Phrase,OUT LIKE A LIGHT
1661,Food &amp; Drink,OXTAIL SOUP
1662,Living Thing,PEKINGESE
1663,Food &amp; Drink,PINTO BEANS
1664,What Are You Doing,PLAYING THE PIANO
1665,Thing,PLYWOOD
1666,What Are You Doing,POCKETING A PROFIT
1667,Place,POPPY FIELD
1668,Place,POST OFFICE
1669,Living Thing,PRAIRIE DOG
1670,Person,PROUD FATHER
1671,Food &amp; Drink,PUMPKIN BREAD
1672,Phrase,ROYAL BLOOD
1673,Around The House,SCENTED HAND SOAP
1674,Living Thing,SCORPION
1675,Events,SCRIMMAGE
1676,Phrase,SECOND CHILDHOOD
1677,Show Biz,SHOOTING SCRIPT
1678,What Are You Doing,SIPPING TEA
1679,Thing,SOLAR POWER
1680,Fictional Character,THE ABOMINABLE SNOWMAN
1681,Person,THE BIG KAHUNA
1682,Things,THUMBTACKS
1683,Proper Name,TOBY MAGUIRE
1684,Landmark,TRAFALGAR SQUARE
1685,Place,UNIVERSITY LIBRARY
1686,People,URBANITES
1687,Thing,WEB BROWSER
1688,People,WOODWIND SECTION
1689,Proper Name,WOODY ALLEN
1690,What Are You Doing,WORKING UP A SWEAT
1691,Place,WORKPLACE
1692,Phrase,WORTH EVERY PENNY
1693,Phrase,YOU DON'T FOOL ME
1694,People,YOUNG ADULTS
1695,Fictional Character,ZEUS
1696,Classic Movies,ZORBA THE GREEK
1697,Occupation,FACULTY ADVISOR
1698,Person,LEFT FEILDER
1699,People,COWBOYS
1700,Food &amp; Drink,CURRIED NUTS
1701,Place,BEAUTY PALOR
1702,Event,ENGAGEMENT PARTY
1703,Proper Name,BETTE MIDLER
1704,Person,GOURMET CHEF
1705,Person,NATURE LOVER
1706,Event,WORLD CUP SOCCER
1707,Thing,FAST FORWARD
1708,Food &amp; Drink,ORANGE MARMALADE
1709,Thing,CLAIM CHECK
1710,Fictional Character,HUMPTY DUMPTY
1711,Things,HULL AND RUDDER
1712,Food &amp; Drink,STEAK AND EGGS
1713,Food &amp; Drink,RIPE AVOCADOS
1714,Food &amp; Drink,SUGAR CUBES
1715,Thing,MUSICAL OCTAVE
1716,People,HUMAN RACE
1717,Thing,VACATION PACKAGE
1718,Food &amp; Drink,BOILED CABBAGE
1719,Fictional Character,OBI-WAN KENOBI
1720,Fictional Character,GARGOYLE
1721,Things,BALANCE AND PROPORTION
1722,Food &amp; Drink,CINNAMON ROLLS
1723,Food &amp; Drink,HOT TATER TOTS
1724,Phrase,KEEPING IT REAL
1725,Thing,CHALKBOARD
1726,What Are You Doing,BITING MY TONGUE
1727,Thing,ACHILLES HEEL
1728,Event,YARD SALE
1729,On The Map,CINCINNATI OHIO
1730,Around The House,DESK CHAIR
1731,Thing,ORIGAMI
1732,Food &amp; Drink,KUMQUAT
1733,In The Kitchen,SOUP LADLE
1734,Place,CANDY COUNTER
1735,Food &amp; Drink,APPLE JUICE
1736,Proper Name,MIAMI DOLPHINS
1737,Event,SHINDIG
1738,Around The House,DOORSTOP
1739,Things,HIGH MARKS
1740,Fun &amp; Games,RINGTOSS
1741,Proper Name,LOUIS VUITTON
1742,In The Kitchen,GRAVY BOAT
1743,Thing,STEADY WORK
1744,People,VISITING TEAM
1745,Fun &amp; Games,JIGSAW PUZZLE
1746,Title,SOUTHERN LIVING
1747,Food &amp; Drink,SEAFOOD TETRAZZINI
1748,Living Thing,AFRICAN VIOLET
1749,People,UNION MEMBERS
1750,Person,BASEBALL SCOUT
1751,Food &amp; Drink,PORK SHOULDER RIBS
1752,Thing,ENSEMBLE PIECE
1753,Title,THE UGLY DUCKLING
1754,Slogan,GOT MILK?
1755,In The Kitchen,ROTARY GRATER
1756,Thing,OPINION
1757,Thing,POWDER BRUSH
1758,Thing,FEATHER BOA
1759,Event,VETERANS DAY
1760,Person,MAVEN
1761,Fictional Character,CENTAUR
1762,Place,PERFECT VENUE
1763,Occupation,FASHION DESIGNER
1764,Thing,OIL WELL
1765,Phrase,ONE SIZE FITS ALL
1766,Event,OPENING CEREMONY
1767,Thing,OUTBOARD MOTOR
1768,Living Thing,PACIFIC WALRUS
1769,Things,PANTYHOSE
1770,Person,PATRIOTIC CITIZEN
1771,Fictional Character,PEGASUS
1772,Thing,PERFECT MATCH
1773,Food &amp; Drink,PINE NUT HUMMUS
1774,What Are You Doing,PLAYING CHECKERS
1775,Thing,POGO STICK
1776,Thing,POINT OF VIEW
1777,Thing,PONTOON BOAT
1778,Food &amp; Drink,PORK CHOP
1779,Person,PRODIGAL SON
1780,Phrase,PUPPY LOVE
1781,Person,QUICK STUDY
1782,Phrase,QUICK RECOVERY
1783,Thing,RUBBER STAMP
1784,Proper Name,SAMUEL L. JACKSON
1785,Thing,SCRAPHEAP
1786,Occupation,SECURITY GUARD
1787,Thing,SELF-HELP BOOK
1788,Event,SHORT VISIT
1789,Food &amp; Drink,SHRIMP TERIYAKI
1790,Place,SNOW IGLOO
1791,Things,SOAPSUDS
1792,In The Kitchen,STEAK KNIVES
1793,Place,STUDY HALL
1794,Place,STUDY HALL
1795,Landmark,SUEZ CANAL
1796,Proper Name,SUSAN B. ANTHONY
1797,Thing,SYNTHETIC OIL
1798,Thing,TAX REFUND
1799,Food &amp; Drink,TURKEY BURGER
1800,Proper Name,VAL KILMER
1801,Thing,VELOUR JACKET
1802,Proper Name,VICTORIA BECKHAM
1803,Place,VICTORIAN HOME
1804,Phrase,WHISKED AWAY
1805,Living Thing,WILD ANIMAL
1806,Around The House,WINDOWPANE
1807,Place,WINE CELLAR
1808,Around The House,WOOD BUREAU
1809,Phrase,UP FOR GRABS
1810,Person,DEBATE COACH
1811,TV Show Title,ENTOURAGE
1812,Thing,PATIO COVER
1813,Rhyme Time,CHIP CLIP
1814,Place,NEIGHBORHOOD PARK
1815,Thing,POUND sign
1816,Landmark,THE BROOKLYN BRIDGE
1817,Thing,PAY STUB
1818,Place,BOUTIQUE HOTEL
1819,Thing,IGNITION SWITCH
1820,Phrase,EASY AS PIE
1821,Food &amp; Drink,CANDIED APPLE
1822,Thing,GRACE PERIOD
1823,Food &amp; Drink,SALMON PUFFS
1824,Living Thing,AFRICAN BUFFALO
1825,On The Map,AKRON OHIO
1826,Place,AMISH COUNTRY
1827,Living Thing,ANTELOPE
1828,On The Map,ARCTIC OCEAN
1829,Living Thing,BABY KANGAROO
1830,Thing,BANJO MUSIC
1831,Thing,BEACH BAG
1832,Thing,BOOKMARK
1833,Occupation,BUILDING MANAGER
1834,Place,BUNKHOUSE
1835,Proper Name,BURGER KING
1836,Event,BUSINESS LUNCHEON
1837,Thing,CANCELLED CHECK
1838,Song/Artist,CANDLE IN THE WIND BY ELTON JOHN
1839,Event,CELEBRATION
1840,Show Biz,CELEBRITY BIOGRAPHY
1841,Occupation,CHAUFFEUR
1842,Proper Name,CHICAGO BLACKHAWKS
1843,Food &amp; Drink,CHOCOLATE TRUFFLES
1844,Food &amp; Drink,CHOCOLATE BAR
1845,Food &amp; Drink,COFFEE BEANS
1846,Thing,CONVERTIBLE
1847,In The Kitchen,CORKSCREW
1848,Food &amp; Drink,COTTON CANDY
1849,People,COYBOYS
1850,Food &amp; Drink,CRAB RAVIOLI
1851,Food &amp; Drink,CRAB LEGS
1852,Proper Name,CRAZY HORSE
1853,Thing,DANCE MUSIC
1854,Event,DAVIS CUP MATCH
1855,Around The House,DOGGIE DOOR
1856,Living Thing,DOLPHIN
1857,People,DRAFT BOARD
1858,In The Kitchen,DUTCH OVEN
1859,Around The House,EXERCISE EQUIPMENT
1860,People,FACULTY &amp; STAFF
1861,Thing,FAMILY PHOTO
1862,Quotation,FEE FI FO FUM
1863,Phrase,FIXER-UPPER
1864,Event,FLY-FISHING
1865,Thing,FOLK MUSIC
1866,Food &amp; Drink,FRIED PLANTAINS
1867,Place,FRUIT ORCHARD
1868,Event,GALA OPENING
1869,Event,GARDENING
1870,Thing,GRAVEYARD SHIFT
1871,Phrase,GRIN AND BEAR IT
1872,Fictional Character,HELLO KITTY
1873,Place,INTERNATIONAL AIRPORT
1874,Event,JOB INTERVIEW
1875,Person,JOKESTER
1876,Living Thing,KOMODO DRAGON
1877,Event,LEISERLEY LUNCH
1878,Food &amp; Drink,LOAF OF BREAD
1879,Thing,LUCKY RABBIT'S FOOT
1880,Around The House,MAKEUP BRUSH
1881,Thing,MANDOLIN
1882,Proper Name,MIAMI DOLPHINS
1883,Proper Name,MIAMI HEAT
1884,Place,MOUNTAIN RETREAT
1885,Thing,MUGGY WEATHER
1886,Food &amp; Drink,MUSHROOM BROTH
1887,Food &amp; Drink,NEW ENGLAND CLAM CHOWDER
1888,Thing,NIGHT JOB
1889,Place,NURSING SCHOOL
1890,Living Thing,MINIATURE PINSCHER
1891,Occupation,MUSEUM CURATOR
1892,Things,MUTUAL FUNDS
1893,Living Thing,OCTOPUS
1894,Phrase,OLD GLORY
1895,Food &amp; Drink,PARMESAN CHEESE
1896,Food &amp; Drink,PEACH COBBLER
1897,Food &amp; Drink,PECAN STICKY BUNS
1898,Things,PHYSICAL ATTRIBUTES
1899,Food &amp; Drink,PIE CRUST
1900,Things,PLAYING CARDS
1901,Event,PRIVATE TOUR
1902,Food &amp; Drink,RASPBERRY SMOOTHIE
1903,Place,RIVERBANK
1904,Proper Name,SALVATION ARMY
1905,Thing,SCORECARD
1906,Food &amp; Drink,SHOESTRING POTATOES
1907,Event,SIGHTSEEING TRIP
1908,Place,SKATING PARK
1909,Rhyme Time,SNAIL MAIL
1910,Phrase,STICK TO IT
1911,Occupation,STOCK BROKER
1912,Phrase,TAKE FIVE
1913,Phrase,TAKE A BOW
1914,Thing,TAXICAB FARE
1915,Place,TEST KITCHEN
1916,Landmark,THE SPHINX
1917,Proper Name,THE WHO
1918,Classic TV,THE MUPPET SHOW
1919,Food &amp; Drink,TURKEY STUFFING
1920,Food &amp; Drink,TURKEY BREAST
1921,What Are You Doing,UNCLOGGING A DRAIN
1922,In The Kitchen,WAFFLE IRON
1923,Phrase,WATCH YOUR STEP
1924,Food &amp; Drink,WILD RICE
1925,Around The House,WOODEN TABLE
1926,Thing,ZIPPERED JACKET
1927,Place,COVERED PATIO
1928,Place,BUTCHER SHOP
1929,Place,HAUNTED HOUSE
1930,Thing,PEZ CANDY DISPENSER
1931,On The Map,LONDON ENGLAND
1932,Place,PHOTOGRAPHY STUDIO
1933,Place,LION'S DEN
1934,Fictional Character,LUCY AND LINUS
1935,Fictional Character,WILE E. COTOTE
1936,Proper Name,FORD THUNDERBIRD
1937,Proper Name,BIG DIPPER
1938,Thing,LIFE JACKET
1939,Phrase,TICKLED PINK
1940,Place,MASONIC TEMPLE
1941,Thing,HOUSEBOAT
1942,Proper Name,PITTSBURGH PIRATES
1943,Landmark,THE HOLLYWOOD SIGN
1944,Phrase,IN FULL SWING
1945,Place,EXOTIC LOCAL
1946,Thing,MOVING VAN
1947,In The Kitchen,SERVING DISH
1948,People,NEIGHBORS
1949,Things,FACTS OF THE CASE
1950,Things,SIMPLE DELIGHTS
1951,Event,MASQUERADE BALL
1952,Event,SUNNY AFTERNOON
1953,Around The House,TACKLE BOX
1954,On The Map,QUEBEC CANADA
1955,Thing,MANNEQUIN
1956,Person,GROOM
1957,Place,ISLAND OASIS
1958,Around The House,INSECT REPELLENT
1959,People,MARCHING BAND
1960,Food,MUSHROOM
1961,What Are You Doing,ALPHABETIZING MY MOVIE COLLECTION
1962,Thing,ANCIENT HISTORY
1963,Event,AUTUMN HARVEST
1964,Living Thing,BABOON
1965,Phrase,BABY ON BOARD
1966,Phrase,BAFFLES ME
1967,Fictional Character,BEAVER CLEAVER
1968,Proper Name,BIG DIPPER
1969,Thing,BODYBUILDING
1970,On The Map,BOISE IDAHO
1971,Classic TV,BONANZA
1972,Living Thing,BONSAI TREE
1973,Fictional Character,BOOGIEMAN
1974,Place,BROOM CLOSET
1975,Things,CARGO PANTS
1976,Landmark,CARNEGIE HALL
1977,Thing,CARPOOL
1978,Event,CHARITY AUCTION
1979,Proper Name,CHICAGO BEARS
1980,Event,CINCO DE MAYO
1981,Proper Name,CLEOPATRA
1982,Food &amp; Drink,CRISPY BACON
1983,Living Things,DACHHOUNDS
1984,Thing,DIRECT DEPOSIT
1985,Classic Movie,DOCTOR ZHIVAGO
1986,Book Title,EAST OF EDEN
1987,Thing,EXCITING NIGHTLIFE
1988,Thing,EYE SHADOW
1989,Place,FAVORITE HAUNT
1990,Living Thing,FRENCH BULLDOG
1991,Food &amp; Drink,GARLIC CLOVE
1992,Place,GOURMET SHOP
1993,Food &amp; Drink,GRATED NUTMEG
1994,Living Thing,GRAY WOLF
1995,Living Thing,GREAT WHITE SHARK
1996,Phrase,HANGING OUT
1997,What Are You Doing,HAVING A PICNIC
1998,Person,HEAD HONCHO
1999,Person,HOLLYWOOD INSIDER
2000,Person,HOMBRE
2001,People,HOME OWNERS
2002,Place,HOME PLATE
2003,In The Kitchen,IODIZED SALT
2004,Person,JAZZ MUSICIAN
2005,Person,JUNIOR EXECUTIVE
2006,Thing,LEARNING CURVE
2007,Phrase,LUCKY NUMBERS
2008,Fictional Character,LUKE SKYWALKER
2009,Proper Name,MILWAUKEE BUCKS
2010,Fictional Characters,DYNAMIC DUO
2011,Event,JURY SELECTION
2012,Food &amp; Drink,QUICHE LORRAINE
2013,Occupation,REGISTERED NURSE
2014,Living Thing,TOY POODLE
2015,Classic TV,MIAMI VICE
2016,Things,MONTHLY MAGAZINES
2017,Living Things,MOUNTAIN GOATS
2018,Things,MYTHS &amp; FABLES
2019,Fictional Character,NICK FURY
2020,Place,OFF-CAMPUS
2021,Fictional Character,OLD KING COLE
2022,Thing,ON-LINE COURSE
2023,Phrase,OVER THE TOP
2024,Person,PACK RAT
2025,Fictional Character,PETER RABBIT
2026,Person,PHILOSOPHER
2027,People,PIT CREW
2028,Fictional Character,POLLYANNA
2029,In The Kitchen,POWER JUICER
2030,Things,RAIN CLOUDS
2031,Food &amp; Drink,RED-LEAFED CHICORY
2032,People,REGISTERED VOTERS
2033,Living Thing,RHINOCEROS
2034,On The Map,RHODE ISLAND
2035,Food &amp; Drink,ROMANIAN NOODLES
2036,Living Thing,ROSE BUSH
2037,What Are You Doing,RUNNING AMOK
2038,People,SAVVY BUYERS
2039,Occupation,SHIPPING CLERK
2040,Food &amp; Drink,SHRIMP TEMPURA
2041,Occupation,SINGING WAITER
2042,Classic Movies,SOME COME RUNNING
2043,Food &amp; Drink,SPICY MEATBALLS
2044,Place,SPRAWLING CITY
2045,Food &amp; Drink,TAPIOCA PUDDING
2046,On The Map,THE GULF COAST
2047,Event,TRAVEL EXPO
2048,Family,TWIN SISTERS
2049,People,USHERS
2050,Thing,VARIABLE STAR
2051,Thing,VICTORY DANCE
2052,Classic Movies,VIVA LAS VEGAS
2053,On The Map,WAIKIKI BEACH
2054,What Are You Doing,WEARING A KILT
2055,FIctional Character,WISE OLD OWL
2056,Fictional Character,WONDER WOMAN
2057,Thing,YOGA-MAT
2058,People,YOUNG COUPLE
2059,Thing,ALPHABETICAL LIST
2060,Fictional Character,AQUAMAN
2061,Living Thing,BABY ALLIGATOR
2062,Food &amp; Drink,BAKED LASAGNA
2063,Place,BARNYARD
2064,Things,BEAUTY TIPS
2065,Thing,BICYCLE SEAT
2066,Food &amp; Drink,BLACKBERRY JAM
2067,Around The House,BOOKSHELF
2068,Place,BOXING RING
2069,Food &amp; Drink,BREAKFAST BURRITO
2070,Person,BRIDE-TO-BE
2071,Food &amp; Drink,BROILED MUSHROOMS
2072,Thing,CALMING EFFECT
2073,People,CHAIN OF COMMAND
2074,Food &amp; Drink,CHAMPAGNE
2075,Food &amp; Drink,CHERRY CHEESECAKE
2076,Proper Name,CHEVY MALIBU
2077,Food &amp; Drink,CHICKEN PAPRIKA
2078,Show Biz,CHOREOGRAPHER
2079,Thing,CHURCH PEW
2080,Event,CLOSING TIME
2081,Thing,COAT RACK
2082,Thing,COAT OF ARMS
2083,Person,CONCERT VIOLINIST
2084,Proper Name,DAVID DUCHOVNY
2085,Occupation,DENTAL ASSISTANT
2086,Thing,DESIGNER HANDBAG
2087,Occupation,DISC JOCKEY
2088,Thing,DOGSLED
2089,Things,DOUBLE COUPONS
2090,Phrase,FLIGHT OF FANCY
2091,Person,FRENCH CANADIAN
2092,Food &amp; Drink,FRIED ONIONS
2093,Place,GENERAL STORE
2094,Thing,GIFT BASKET
2095,Person,GOOD SPORT
2096,Person,GRADUATE STUDENT
2097,Occupation,GRAPHIC DESIGNER
2098,Proper Name,GUGGENHEIM MUSEUM
2099,Around The House,HALOGEN LAMP
2100,Phrase,HARD AT WORK
2101,Things,HAZY SKIES
2102,On The Map,HELSINKI FINLAND
2103,Phrase,HOLD YOUR HORSES
2104,Phrase,HOLY SMOKES!
2105,Fun &amp; Games,HOPSCOTCH
2106,Food &amp; Drink,HOT CHOCOLATE
2107,Occupation,HOTEL CLERK
2108,Quotation,JACK BE NIMBLE
2109,Proper Name,JERRY SEINFELD
2110,Proper Name,JOHN MALKOVICH
2111,Living Things,KODIAK BEARS
2112,Proper Name,LISA KUDROW
2113,Fictional Character,LONG JOHN SILVER
2114,Things,LOVE LETTERS
2115,Person,LOYAL VIEWER
2116,Occupation,MAKEUP ARTIST
2117,Food &amp; Drink,AHI TUNA SALAD
2118,Classic Movies,AMERICAN BEAUTY
2119,Thing,ANAGRAM MOUNTAINS
2120,Occupation,ARCHIVIST
2121,Living Thing,BALD EAGLE
2122,Food &amp; Drink,BBQ PORK
2123,Thing,BIOLOGY
2124,On The Map,BORDEAUX FRANCE
2125,Phrase,BUTT OUT
2126,Food &amp; Drink,BUTTERED CROISSANT
2127,Food &amp; Drink,CAJUN CUISINE
2128,Things,CIRCULAR SAW
2129,Place,CIVIC CENTER
2130,Things,COMPANY PAYROLL
2131,Classic Movies,COOL HAND LUKE
2132,Phrase,COP OUT
2133,People,CUB SCOUTS
2134,What Are You Doing,DAYDREAMING
2135,Thing,DOUGHNUT HOLE
2136,Food &amp; Drink,EAR OF CORN
2137,Things,EDUCATED GUESS
2138,Food &amp; Drink,EGG BREAD
2139,People,EXTENDED FAMILY
2140,Phrase,FILTHY RICH
2141,Living Things,FIRE ANTS
2142,Living Thing,FOXHOUND
2143,Fictional Character,FRANKENSTEIN
2144,Person,FUNNY CLOWN
2145,Living Thing,GERMAN SPITZ
2146,Phrase,GUTSY MOVE
2147,Living Thing,HARP SEAL
2148,Food &amp; Drink,HASS AVOCADOS
2149,Thing,HIDDEN AGENDA
2150,Living Thing,KANGAROO RAT
2151,Things,KNEEPADS
2152,Landmark,LAKE MEAD
2153,Song Title,LAKE BAMBA
2154,Thing,LATEX PAINT
2155,Thing,LEGAL TENDER
2156,Things,LICENSE PLATE
2157,Living Thing,LOGGERHEAD TURTLE
2158,Thing,MELTING POT
2159,Things,NAME TAG
2160,Occupation,NEWS EDITOR
2161,Things,ORIGINAL ARTWORK
2162,Things,OSTRICH EGGS
2163,On The Map,PATAGONIA
2164,People,POLITICAL PUNDITS
2165,Person,POWER PITCHER
2166,On The Map,PUGET SOUND
2167,Place,SECRET HIDEAWAY
2168,Person,SHORTSTOP
2169,Thing,SHRINK-WRAP
2170,Thing,SILK FABRIC
2171,Things,SOUND BITES
2172,Things,SPRAY PAINT
2173,Thing,SPRAY PAINT
2174,Things,STOCKING STUFFERS
2175,In The Kitchen,STOCKPOT
2176,What Are Doing,STUBBING MY TOE
2177,Things,SUBWAY GRATE
2178,Living Thing,SUGARCANE
2179,People,TASTE TESTERS
2180,Classic Movies,THE EXORCIST
2181,Landmark,TOKYO'S IMPERIAL PALACE
2182,Event,TOTAL SHUTDOWN
2183,Thing,TURQUOISE RING
2184,Event,VICTORY CELEBRATION
2185,Food &amp; Drink,WHOLE-WHEAT FLOUR
2186,Food &amp; Drink,WHOPPER JR.
2187,Food &amp; Drink,WONTON SOUP
2188,Around The House,WRITING A LOVE LETTER
2189,Things,ZODIAC SIGNS
2190,Living Thing,ANGORA CAT
2191,Person,ARMED GUARD
2192,Food &amp; Drink,BAKED ZITI
2193,Fictional Character,BART SIMPSON
2194,Around The House,BATHROOM FIXTURES
2195,Person,BEST BUDDY
2196,On The Map,CALIFORNIA
2197,Proper Name,CALVIN KLEIN
2198,Occupation,CAMERAMAN
2199,Thing,CAPTIVATING STORY
2200,Thing,CARAVAN
2201,Food &amp; Drink,CHICKEN CACCIATORE
2202,Place,CIVIC AUDITORIUM
2203,Food &amp; Drink,CORN FLAKES
2204,Things,CRASHING CYMBALS
2205,Thing,CYBERSPACE
2206,Food &amp; Drink,DILL PICKLE
2207,Thing,GRAPEVINE
2208,Person,HEAVY HITTER
2209,Person,HULA DANCER
2210,Phrase,IN FULL BLOOM
2211,Thing,INDEX CARD
2212,On The Map,IOWA CITY IOWA
2213,TV Show Title,IRON CHEF AMERICA
2214,Living Thing,JAPANESE AKITA
2215,Place,JAZZ CLUB
2216,Food &amp; Drink,JELLY BEANS
2217,Phrase,JUMP FOR JOY
2218,Thing,KICKSTAND
2219,Around The House,LAUNDRY DETERGENT
2220,On The Map,LEXINGTON KENTUCKY
2221,Event,LIVE INTERVIEW
2222,Phrase,LOCAL COLOR
2223,On The Map,MADAGASCAR
2224,Living Thing,MEADOWLARK
2225,On The Map,MEXICO CITY
2226,Thing,MINIBAR
2227,Thing,MOBILE PHONE
2228,Fictional Character,MOTHER GOOSE
2229,Thing,MOUNTAIN BIKE
2230,Show Biz,MOVIE SCREENING
2231,Place,NEARBY BOOKSHOP
2232,Food &amp; Drink,PAT OF BUTTER
2233,Place,PLANETARIUM
2234,People,PROUD FAMILY
2235,Food &amp; Drink,QUESADILLAS
2236,Living Thing,ROSE BUSH
2237,Landmark,SHEA STADIUM
2238,Food &amp; Drink,SOUP BREAD BOWL
2239,Living Thing,SPRINGER SPANIEL
2240,Event,SUMMIT MEETING
2241,Things,SUNNY SKIES
2242,People,TEXANS
2243,Book Title,THE GREAT GATSBY
2244,Occupation,TRAFFIC COP
2245,Living Thing,VAMPIRE BAT
2246,Things,VISITING HOURS
2247,Phrase,WIDE-AWAKE
2248,Thing,MIRROR IMAGE
2249,Classic TV,MISTER ED
2250,Thing,MODELING CLAY
2251,Thing,MOVIE TRIVIA
2252,Event,MUSIC RECITAL
2253,On The Map,NOVA SCOTIA
2254,Place,OFFICE CUBICLE
2255,Family,OLDER BROTHER
2256,Phrase,ONE FOR THE MONEY TWO FOR THE SHOW
2257,Landmark,PANAMA CANAL
2258,Landmark,PENNSYLVANIA AVENUE
2259,Place,PETTING ZOO
2260,Place,PLANTED FOREST
2261,Around The House,POLISHING WAX
2262,Thing,POTTING SOIL
2263,Person,PROFESSIONAL CYCLIST
2264,Event,RECORDING SESSION
2265,Place,ROOFTOP PATIO
2266,What Are You Doing,RUNNING A MILE
2267,Around The House,SCENTED CANDLE
2268,Thing,SHIRT COLLAR
2269,Food &amp; Drink,SHRIMP SCAMPI
2270,On The Map,SIOUX CITY IOWA
2271,Rhyme Time,SNEAK PEEK
2272,Person,SNOWBOARDER
2273,Song Title,SOUND OF SILENCE
2274,On The Map,SOUTH AFRICA
2275,Things,SPEED BUMPS
2276,Thing,SUBSCRIPTION
2277,Thing,SUBWAY TOKEN
2278,Occupation,SYNDICATED COLUMNIST
2279,Thing,TEAM MASCOT
2280,Phrase,TIE THE KNOT
2281,On The Map,TOLEDO OHIO
2282,Landmark,TOWER OF LONDON
2283,Thing,TRAFFIC MEDIAN
2284,Thing,TRAVEL GUIDE
2285,Person,TRAVEL COMPANION
2286,Place,VIDEO ARCADE
2287,People,WISE FOLKS
2288,Living Thing,WOODCHUCK
2289,Event,WORLD'S FAIR
2290,Fictional Character,YOSEMITE SAM
2291,Occupation,ADVERTISING EXECUTIVE
2292,Thing,AIR PURIFIER
2293,Things,ANKLE SOCKS
2294,Event,ARTS FESTIVAL
2295,Proper Name,ATLANTA BRAVES
2296,Phrase,BAKERS DOZEN
2297,Food &amp; Drink,BOILED BEANS
2298,Event,BON VOYAGE PARTY
2299,Place,BRICK HOUSE
2300,Thing,CANTEEN
2301,On The Map,CAPE COD
2302,Food &amp; Drink,CHEESE DANISH
2303,Thing,CLASSIFIED AD
2304,Place,CORNER DELI
2305,Proper Name,DENVER BRONCOS
2306,Food &amp; Drink,DOUBLE FUDGE BROWNIE
2307,Phrase,EASY MONEY
2308,Person,FAMOUS PLAYWRIGHT
2309,Place,FOOD BANK
2310,Occupation,GAME WARDEN
2311,Place,GAS STATION
2312,Phrase,GOING BANANAS
2313,On The Map,GRANADA SPAIN
2314,Family,GRANDSON
2315,Event,GROUNDHOG DAY
2316,Thing,HOME SCHOOLING
2317,Place,HOUSING PROJECT
2318,Proper Name,HUGO BOSS
2319,Thing,HYBRID VEHICLE
2320,Phrase,I REST MY CASE
2321,Event,ICE FISHING
2322,Things,IDLE HANDS
2323,Food &amp; Drink,JALAPINO PEPPERS
2324,Phrase,JOG MY MEMORY
2325,Thing,KEROSENE LAMP
2326,Food &amp; Drink,KEY LIME PIE
2327,Living Thing,LARGEMOUTH BASS
2328,Thing,LAWN MOWER
2329,Phrase,LEGEND IN THE MAKING
2330,Person,LOCAL HERO
2331,Things,MAGIC TRICKS
2332,Thing,MINUTE HAND
2333,On The Map,ATLANTA GEORGIA
2334,Phrase,BIRD'S EYE VIEW
2335,Place,CUL-DE-SAC
2336,Person,EFFICIENCY EXPERT
2337,Things,FLY-FISHING LURE
2338,On The Map,HAVANA CLUB
2339,Things,JOINT VENTURE
2340,Proper Name,JULIA ROBERTS
2341,Things,MUSTARD
2342,Proper Name,NEIL DIAMOND
2343,Event,OCEAN VOYAGE
2344,Phrase,ON THE REBOUND
2345,Place,OVAL OFFICE
2346,In The Kitchen,PUNCH BOWL
2347,Proper Name,RALPH LAUREN
2348,Food &amp; Drink,ROASTED VEGETABLES
2349,Food &amp; Drink,SAVORY SAUCES
2350,Around The House,SEWING MACHINE
2351,Food &amp; Drink,SOUR CHERRIES
2352,Phrase,SPRING FEVER
2353,Classic tv,THE MUNSTERS
2354,Event,VOLLEYBALL
2355,Event,PIE-EATING CONTEST
2356,Things,LUCKY COIN
2357,Things,GYM SOCKS
2358,Things,MOONBEAM
2359,Food &amp; Drink,BISCUITS &amp; GRAVY
2360,Person,HEADMASTER
2361,Occupation,VOICE TEACHER
2362,Phrase,ACT YOUR AGE
2363,Person,THE BIG CHEESE
2364,Place,PRODUCE SECTION
2365,Food &amp; Drink,FLOUR TORTILLAS
2366,Person,MAD SCIENTIST
2367,Event,FAMILY DINNER
2368,Phrase,MIND OVER MATTER
2369,Things,VITAMIN C
2370,Phrase,CURB APPEAL
2371,People,ATTRACTIVE COUPLE
2372,Things,ARTS &amp; CRAFTS
2373,Place,SNOW LODGE
2374,People,NEW NEIGHBORS
2375,Proper Name,FEDERAL EXPRESS
2376,Event,LIVE ENTERTAINMENT
2377,Things,MARRIAGE PROPOSAL
2378,Food &amp; Drink,CHINESE DUMPLINGS
2379,Things,KIMONO
2380,Proper Name,FORD MUSTANG GT
2381,In The Kitchen,ICE CUBE TRAY
2382,Fun &amp; Games,FANTASY FOOTBALL
2383,Event,RAFFLE
2384,Landmark,WINCHESTER CATHEDRAL
2385,Around The House,IRONING BOARD
2386,Phrase,HEALTHY GLOW
2387,Phrase,LOVE IS BLIND
2388,People,LOYAL FRIENDS
2389,Thing,MALE BONDING
2390,Event,MATINEE MOVIE
2391,Food &amp; Drink,MATZO MEAL
2392,Food &amp; Drink,MEATBALL SOUP
2393,Living Things,MONGOOSE
2394,On The Map,MONTEGO BAY
2395,On The Map,NEWARK NEW JERSEY
2396,Phrase,NICE AND WARM
2397,Thing,OLIVE BRANCH
2398,Fictional Character,OLIVER TWIST
2399,People,OLYMPIC GYMNASTS
2400,Thing,OPINION POLL
2401,Event,OVERNIGHT SUCCESS
2402,Fictional Character,PAC-MAN
2403,Thing,PEACE SIGN
2404,Classic TV,PEBBLES &amp; BAMM-BAMM
2405,Food &amp; Drink,PEPPERONI PIZZA
2406,Food &amp; Drink,PESTO SAUCE
2407,Song Title,PIANO MAN
2408,Around The House,PICTURE FRAME
2409,Fictional Character,PIGLET &amp; EEYORE
2410,Phrase,PLAYING IT COOL
2411,Around The House,POCKET COMB
2412,Phrase,POKER FACE
2413,Living Things,PONDEROSA PINE
2414,Things,PRESIDENTIAL ARCHIVES
2415,Thing,PRICKLY PEAR
2416,Occupation,PRIEST
2417,Thing,PRIVATE YACHT
2418,Place,PRIVATE BEACH
2419,Thing,PSYCHEDELIC IMAGE
2420,Event,PSYCHIC READING
2421,Event,PUBLIC FORUM
2422,Phrase,QUITTING TIME
2423,Event,RUMMAGE SALE
2424,Show Biz,RUNNING GAG
2425,On The Map,SAN JOSE CALIFORNIA
2426,Around The House,SATIN SHEETS
2427,Place,SECURITY CHECKPOINT
2428,What Are You Doing,SHOOTING HOOPS
2429,Show Biz,SKETCH COMEDY
2430,Place,SKI LODGE
2431,Before &amp; After,SNOW WHITE AS A SHEET
2432,Food &amp; Drink,SPINACH SALAD
2433,Event,SPRING BREAK
2434,People,SQUADRON
2435,Rhyme Time,SUN AND FUN
2436,What Are You Doing,TAKING A WEEK OFF
2437,Classic Movies,THE SHINING
2438,Phrase,THE BIG APPLE
2439,Song Title,TICKET TO RIDE
2440,Food &amp; Drink,TOASTED BAGEL
2441,What Are You Doing,TRAVELING INCOGNITO
2442,Person,TRIATHLON COACH
2443,Place,VANTAGE POINT
2444,Food &amp; Drink,VEAL CASSEROLE
2445,Person,VEGAN CHEF
2446,Phrase,WALK THE PLANK
2447,Things,WEDDING PHOTOS
2448,Event,WEEKEND LEAVE
2449,Food &amp; Drink,WESTERN OMELET
2450,Things,WIND CHIMES
2451,Person,AN OLD GRUMP
2452,Proper Name,ASHTON KUTCHER
2453,Person,AVID READER
2454,Living Things,BABY GIRAFFE
2455,Fictional Character,BATMAN AND ROBIN
2456,Food &amp; Drink,BBQ BAKED BEANS
2457,Thing,BEAR HUG
2458,Food &amp; Drink,BOILED EGGS
2459,Event,BOXING MATCH
2460,Things,BRACES
2461,Living Things,BUNNIES &amp; CHICKS
2462,Food &amp; Drink,BURGER &amp; FRIES
2463,Proper Name,CARLOS SANTANA
2464,Thing,CHAIN SAW
2465,Thing,CITY SKYLINE
2466,Thing,COACH BAG
2467,Place,CONVENIENT LOCATION
2468,Event,COOKING CONTEST
2469,Food &amp; Drink,CORNMEAL MUSH
2470,Person,COURT JESTER
2471,Food &amp; Drink,CRANBERRY RELISH
2472,Phrase,CRYSTAL CLEAR
2473,Thing,CUFF LINK
2474,Food &amp; Drink,DARK CHOCOLATE
2475,Proper Name,DENNIS QUAID
2476,Fictional Character,DICK TRACY
2477,Occupation,DOG GROOMER
2478,Proper Name,DOLLY PARTON
2479,Thing,DOUBLE DRIBBLE
2480,Person,DRUMMER
2481,Thing,E-BOOK
2482,Thing,ESCAPE KEY
2483,TV Title,FAMILY FUED
2484,Proper Name,FELICITY HUFFMAN
2485,Food &amp; Drink,FIG NEWTONS
2486,Event,FILM FESTIVAL
2487,Occupation,FINANCIAL ANALYST
2488,Thing,FINGERPRINT
2489,Occupation,FLIGHT ATTENDANT
2490,People,FOOTBALL TEAM
2491,Living Things,FRESH CUT FLOWERS
2492,Thing,FULL STOMACH
2493,Place,FUN HOUSE
2494,Phrase,GET A GRIP
2495,Thing,GLOBAL ECONOMY
2496,Around The House,GLUE STICK
2497,Around The House,HAIR RIBBONS
2498,What Are You Doing,HAVING A BALL
2499,Place,HEALTH CLUB
2500,Person,HOUSE GUEST
2501,Phrase,I DARE NOT SAY
2502,Event,ICE STORM
2503,Food &amp; Drink,ITALIAN SAUSAGE
2504,Slogan,JUST DO IT
2505,Fictional Character,KING KONG
2506,Occupation,LANDSCAPER
2507,Place,LOCAL HANGOUT
2508,Phrase,BOTTOM'S UP
2509,Proper Name,CHRIS ROCK
2510,Event,FAMILY VACATION
2511,Living Thing,FLYING SQUIRREL
2512,Thing,HUMIDITY
2513,On The Map,LAREDO TEXAS
2514,Occupation,PARAMEDIC
2515,Thing,ROAD TRIP
2516,Classic TV,SEINFELD
2517,Things,THE FIVE SENSES
2518,Place,VICTORIAN BUILDING
2519,Thing,BLOOD TEST
2520,Place,CAMPGROUND SITE
2521,Food &amp; Drink,CHERRY LEMONADE
2522,Food &amp; Drink,CHERRY POPSICLE
2523,Thing,COPYRIGHT
2524,Place,COVERED PORCH
2525,Thing,DISCO MUSIC
2526,People,EXPANSION TEAM
2527,Living Things,FRESHWATER FISH
2528,Around The House,GARDEN TOOLS
2529,TV Title,GENERAL HOSPITAL
2530,Classic TV,HOLLYWOOD SQUARES
2531,Food &amp; Drink,HOT TAMALES
2532,Food &amp; Drink,HOT SAUCE
2533,Classic TV,IRONSIDE
2534,Around The House,MAGAZINE RACK
2535,Living Things,MANATEE
2536,Things,PATRIOTIC COLORS
2537,People,PEER GROUP
2538,Living Things,PUREBRED DOGS
2539,People,STUDENT BODY
2540,Living Things,TIGER CUBS
2541,Thing,TRAFFIC SIGNAL
2542,Event,TURNING POINT
2543,Around The House,BIRDBATH
2544,Things,BONGO DRUMS
2545,Things,BOX OF CRAYONS
2546,Person,BRAINIAC
2547,In The Kitchen,BREAKFAST NOOK
2548,Phrase,DESIGN
2549,Proper Name,DETROIT LIONS
2550,Thing,FINE ART
2551,Proper Name,HOLY GRAIL
2552,What Are You Doing,HONING MY SKILLS
2553,Event,INCLEMENT WEATHER
2554,Thing,INSIDE JOKE
2555,Food &amp; Drink,ORANGE SOUP
2556,Occupation,PLASTIC SURGEON
2557,Phrase,PLAY BALL
2558,Thing,POWDER BLUSH
2559,Show Biz,ROMANTIC COMEDY
2560,Thing,SELECTIVE HEARING
2561,Thing,SPECIAL PROJECT
2562,Place,SWIMMING POOL
2563,Thing,TAKE-HOME PAY
2564,On The Map,TAMPA FLORIDA
2565,People,TWIN GIRLS
2566,Event,VACATION WITH PAY
2567,Thing,ANAGRAM
2568,Person,ARMY COLONEL
2569,People,BOWLING TEAM
2570,Thing,BRIGHT FUTURE
2571,Classic Movies,BULL DURHAM
2572,Living Thing,BUTTERFLY
2573,Proper Name,CHRISTINA RICCI
2574,People,CLOSE-KNIT FAMILY
2575,Proper Name,DUNKIN DONUTS
2576,Place,FARMHOUSE
2577,Classic Movies,FUNNY GIRL
2578,Thing,GRAND PRIZE
2579,Phrase,HEAVEN ON EARTH
2580,Thing,HOUSE MUSIC
2581,Thing,KARATE CHOP
2582,Place,LOCKER ROOM
2583,Place,LOCKER
2584,Around The House,MEMO PAD
2585,Event,OVERSEAS TRAVEL
2586,Proper Name,OXFORD UNIVERSITY
2587,Things,PINK SAPPHIRES
2588,Event,SCHOOL BAKE SALE
2589,Person,SEASONED VET
2590,Place,SHADY COURTYARD
2591,Phrase,SHOULDERING THE LOAD
2592,Living Thing,SIAMESE CAT
2593,People,SMILING CHILDREN
2594,What Are You Doing,SPIKING THE PUNCH
2595,Thing,VOLCANIC ASH
2596,What Are You Doing,WASHING MY CAR
2597,Event,WHALE WATCHING
2598,Proper Name,BOSTON RED SOX
2599,Living Thing,BULLDOG
2600,Landmark,ELLIS ISLAND
2601,Fictional Character,GOLDILOCKS
2602,Event,HALLOWEEN
2603,Occupation,MECHANIC
2604,Phrase,OH BROTHER
2605,Occupation,PRACTICAL NURSE
2606,People,PROUD PARENTS
2607,Around The House,SILVER CANDLESTICK
2608,On The Map,SMALL TOWN
2609,Event,TRADE SHOW
2610,Event,TRAM TOUR
2611,Person,UPPERCLASSMAN
2612,Food &amp; Drink,VEGETABLE STOCK
2613,Things,OFFICE SUPPLIES
2614,Proper Name,HOUSTON ASTROS
2615,Thing,POCKET CALCULATOR
2616,Landmark,NATIONAL ARCHIVES
2617,Person,SELF-MADE MAN
2618,Occupation,FIREFIGHTER
2619,Phrase,THE COAST IS CLEAR
2620,Food &amp; Drink,CHOPPED WALNUTS
2621,On The Map,RICHMOND VIRGINIA
2622,Proper Name,CYBILL SHEPHERD
2623,What Are You Doing,STANDING GUARD
2624,Food &amp; Drink,BUTTERMILK WAFFLES
2625,Living Thing,PELICAN
2626,Living Things,GOLDFISH
2627,Living Things,KOALA BEARS
2628,Food &amp; Drink,CARBONATED WATER
2629,Event,PHOTO SHOOT
2630,Food &amp; Drink,CHEESE PUFFS
2631,Event,PILGRIMAGE
2632,Phrase,IMAGINE THAT
2633,Food &amp; Drink,FISH TACOS
2634,Around The House,TOOTHPICKS
2635,On The Map,ALLEGHENY RIVER
2636,Food &amp; Drink,CHOCOLATE MALT
2637,Living Thing,NIGHTINGALE
2638,Phrase,LABOR OF LOVE
2639,Event,STATE FAIR
2640,Food &amp; Drink,`APPLE BUTTER
2641,Food &amp; Drink,PORK CASSEROLE
2642,Things,CLOUDS
2643,Living Things,BISON
2644,Food &amp; Drink,VEGETABLE CHOWDER
2645,Food &amp; Drink,GRILLED EGGPLANT
2646,Place,BAR AND GRILL
2647,People,THRILL SEEKERS
2648,Thing,PRIOR APPROVAL
2649,Phrase,ON THE SURFACE
2650,Proper Name,LUKE PERRY
2651,Person,BLONDE BOMBSHELL
2652,Phrase,ONE OF A KIND
2653,People,CLINICIANS
2654,Landmark,PAINTED DESERT
2655,On The Map,MONTANA
2656,Proper Name,SISSY SPACEK
2657,Proper Name,INDIANA PACERS
2658,People,RHYTHM SECTION
2659,Event,NATIONAL HOLIDAY
2660,Around The House,PLASTIC BAGS
2661,People,NEW RECRUITS
2662,Proper Name,MISSY ELLIOTT
2663,Living Things,CROWING ROOSTERS
2664,On The Map,NORTH POLE
2665,Thing,ELABORATE PRANK
2666,Event,SUNNY DAY
2667,Place,THRIFT STORE
2668,Food &amp; Drink,SWEDISH MEATBALLS
2669,Food &amp; Drink,FETTUCINE ALFREDO
2670,Event,OPEN HOUSE
2671,Phrase,DRINK RESPONSIBLY
2672,Fictional Character,MICKEY MOUSE
2673,Event,GATHERING STORM
2674,Person,HELICOPTER PILOT
2675,Food &amp; Drink,CHOCOLATE CROISSANT
2676,Living Thing,ANGEL FISH
2677,Place,ANIMAL RESCUE
2678,On The Map,ANTARCTICA
2679,On The Map,ARKANSAS RIVER
2680,People,ATTENDEES
2681,Food &amp; Drink,AVOCADOS
2682,Place,BACK ALLEY
2683,Thing,BALE OF HAY
2684,Thing,BALLPOINT PEN
2685,Living Thing,BANYAN TREE
2686,Occupation,BEAUTICIAN
2687,Phrase,BEWARE OF DOG
2688,Thing,BLACKOUT PERIOD
2689,Event,BLOOD DRIVE
2690,Living Thing,BLOODHOUND
2691,Proper Name,BOB DYLAN
2692,Things,BOW AND ARROW
2693,People,BOYS &amp; GIRLS
2694,What Are You Doing,BREAKING THE ICE
2695,Phrase,BRIDGE THE GAP
2696,Family,BROTHER-IN- LAW
2697,Thing,BROWN EYES
2698,Place,BULLPEN
2699,Place,BUSY HIGHWAY
2700,Classic Movies,CADDYSHACK
2701,Thing,CAMERA ANGLE
2702,Food &amp; Drink,CANDIED WALNUTS
2703,Food &amp; Drink,CANDIED YAMS
2704,Place,CAR DEALERSHIP
2705,Things,CHAIN OF EVENTS
2706,Food &amp; Drink,CHIPPED BEEF
2707,Event,COCKTAIL HOUR
2708,Thing,COLLECTOR'S ITEM
2709,What Are You Doing,COUNTING LOOSE CHANGE
2710,Around The House,CURIO CABINET
2711,Occupation,DAY LABORER
2712,Event,DECATHLON
2713,Around The House,DECORATIVE RUG
2714,Show Biz,DIRECTOR'S CUT
2715,Place,DOG HOUSE
2716,Thing,DOGGIE BAG
2717,On The Map,DURANGO MEXICO
2718,People,ECONOMISTS
2719,Around The House,ENGRAVED SOAPS
2720,Living Thing,ESKIMO DOG
2721,Things,FACTS AND FIGURES
2722,Landmark,FENWAY PARK
2723,Event,FIRST FROST
2724,Food &amp; Drink,FLANK STEAK
2725,Place,FLIGHT DECK
2726,Fun &amp; Games,FOLLOW THE LEADER
2727,Place,FOOD COURT
2728,Food &amp; Drink,FRESH PEACHES
2729,What Are You Doing,FRYING BACON
2730,Classic TV,GILLIGAN'S ISLAND
2731,Place,GRAPE VINEYARD
2732,Rhyme Time,HANKY- PANKY
2733,On The Map,HAVANA CUBA
2734,On The Map,ICELAND
2735,Phrase,IT BAFFLES ME
2736,Classic movies,JAWS
2737,Food &amp; Drink,JELLYROLL
2738,Fictional Character,JUDY JETSON
2739,On The Map,KENYA AFRICA
2740,Fictional Character,KING LEAR
2741,Fun &amp; Games,KNOCK KNOCK JOKES
2742,Things,LIFE LESSONS
2743,Fictional Character,LITTLE BO-PEEP
2744,Person,MADEMOISELLE
2745,What Are You Doing,MAKING WAVES
2746,Food &amp; Drink,MARINATED CARROTS
2747,Food &amp; Drink,MARINATED FLOUNDER
2748,Place,MASTER BEDROOM
2749,What Are You Doing,MENDING A FENCE
2750,Place,MIDDLE SCHOOL
2751,Food &amp; Drink,MINT JULEP TEA
2752,People,NAVY SEALS
2753,Phrase,NEAT AS A PIN
2754,Occupation,NURSING AIDE
2755,Place,OIL REFINERY
2756,Rhyme Time,OKEY-DOKEY
2757,Before &amp; After,ONLINE SEARCH AND RESCUE
2758,On The Map,OTTAWA CANADA
2759,Thing,OUTHOUSE
2760,Phrase,PASSING THE BUCK
2761,Food &amp; Drink,PASSION FRUIT
2762,Thing,PAUSE BUTTON
2763,Occupation,PEACE OFFICER
2764,Landmark,PENTAGON BUILDING
2765,Occupation,POLICE CHIEF
2766,Thing,PRESSURE COOKER
2767,Place,PRIVATE ROOM
2768,Around The House,RAKE &amp; SHOVEL
2769,Food &amp; Drink,RAW PECANS
2770,Person,REDHEAD
2771,Thing,REGGAE MUSIC
2772,Phrase,RELAX AND ENJOY!
2773,What Are You Doing,RENTING A TUXEDO
2774,Thing,RING FINGER
2775,Food &amp; Drink,ROASTED ALMONDS
2776,Things,ROLLERBLADES
2777,Occupation,SALES EXECUTIVE
2778,In The Kitchen,SEAFOOD TUREEN
2779,Thing,SERENDIPITY
2780,Person,SEX SYMBOL
2781,Thing,SHARP PENCIL
2782,Food &amp; Drink,SKINNED TANGELOS
2783,Place,SNACK BAR
2784,Event,SNEAK PREVIEW
2785,Things,SOCKS AND SHOES
2786,Proper Name,SONY PLAYSTATION
2787,Fictional Character,SPEED RACER
2788,Food &amp; Drink,SPICY SALSA
2789,Thing,SQUARE ROOT
2790,Phrase,STAYING IN THE LOOP
2791,Event,STICKY SITUATION
2792,Rhyme Time,STUCK TRUCK
2793,Place,SYNAGOGUE
2794,Place,TELEVISION STUDIO
2795,Food &amp; Drink,TEMPTING TREATS
2796,Classic Movies,THE AFRICAN QUEEN
2797,Classic TV,THE BIG VALLEY
2798,Title,THE MIAMI HERALD
2799,Phrase,THICK AND JUICY
2800,Phrase,THINK FAST
2801,Phrase,TIES THAT BIND
2802,Fictional Character,TOP CAT
2803,Fun &amp; Games,TRIVIAL PURSUIT
2804,Thing,URBAN MYTH
2805,Event,VEHICLE INSPECTION
2806,Fictional Character,VINNIE BARBARINO
2807,Food &amp; Drink,VITAMIN D MILK
2808,Place,VOTING BOOTH
2809,Around The House,WALK-IN SHOWER
2810,Person,LEFT-HANDER
2811,Fictional Place,WHO-VILLE
2812,Person,BOBSLEDDER
2813,Person,FRIENDLY GUY
2814,Classic TV,MCHALE'S NAVY
2815,Landmark,YOSEMITE FALLS
2816,Thing,CHISELED FEATURES
2817,On The Map,BEVERLY HILLS
2818,Living Thing,ARMY OF ANTS
2819,Phrase,GREAT JOB
2820,Things,SIX-PACK ABS
2821,Person,JUNIOR LIFEGUARD
2822,Proper Name,JOAN RIVERS
2823,What Are You Doing,PLAYING POLO
2824,Book Title,PRIDE AND PREJUDICE
2825,Living Thing,CARNIVORES
2826,Landmark,VATICAN CITY IN ROME
2827,In The Kitchen,PIZZA SLICER
2828,Food &amp; Drink,SQUARE MEAL
2829,Landmark,PIKES PEAK
2830,Phrase,SAVING FACE
2831,People,CAST &amp; CREW
2832,People,EDITORIAL STAFF
2833,Around The House,RAKE &amp; SHOVEL
2834,Around The House,LACE TABLECLOTH
2835,Thing,BASEBALL CAP
2836,Classic TV,THE BRADY BUNCH
2837,Event,STAFF MEETING
2838,Occupation,LIMO DRIVER
2839,Thing,SCIENCE PROJECT
2840,Food &amp; Drink,SUBMARINE SANDWICH
2841,Event,PILLOW FIGHT
2842,Phrase,SITTING DUCK
2843,Person,COMIC SIDEKICK
2844,Around The House,GARDEN HAMMOCK
2845,People,FOOD ENTHUSIASTS
2846,Fun &amp; Games,YAHTZEE
2847,Place,BUMPY ROAD
2848,Place,GAME ROOM
2849,People,FISHERMEN
2850,Thing,RING FINGER
2851,Things,COSMIC RAYS
2852,Proper Name,EMERIL LAGASSE
2853,Place,COURTSIDE
2854,Food &amp; Drink,REDHEAD RADISHES
2855,Living Thing,MOCKING BIRD
2856,On The Map,LENINGRAD
2857,People,ESKIMOS
2858,Around The House,NIGHTSTAND
2859,Occupation,PUBLISHER
2860,Thing,CHEWING GUM
2861,Person,TOP DOG
2862,Thing,BUSINESS ATTIRE
2863,Occupation,PUBLICIST
2864,Phrase,AGING GRACEFULLY
2865,Thing,WRINKLED SUIT
2866,TV Title,INSIDE EDITION
2867,Place,BRANCH BANK
2868,Things,HEALTH &amp; WELLNESS
2869,Food &amp; Drink,MINESTRONE SOUP
2870,Person,GOLF CADDY
2871,Fictional Characters,POWERPUFF GIRLS
2872,Phrase,SAVING FACE
2873,Phrase,KISS-AND-TELL
2874,On The Map,SEA OF GALILEE
2875,Proper Name,PULITZER PRIZE
2876,Thing,BLACKOUT PERIOD
2877,Phrase,TWO THUMBS UP
2878,Place,BURGER JOINT
2879,Thing,BIKE LOCK
2880,Food &amp; Drink,CHEESE STICKS
2881,Things,ROLLER SKATES
2882,Thing,GROCERY BAG
2883,Rhyme Time,GO WITH THE FLOW
2884,People,SILENT MAJORITY
2885,What Are You Doing?,SHUCKING CORN
2886,Thing,MIDDAY SNACK
2887,Thing,HUMAN EVOLUTION
2888,Place,LOCAL BOOKSTORE
2889,Event,FIRST DATE
2890,Thing,WORK ETHIC
2891,Things,EXTREME SPORTS
2892,Event,THE TONY AWARDS
2893,Event,CIRCUS PARADE
2894,People,TEEN DRIVER
2895,Show Biz,FALL PREMIERE
2896,Thing,CHRISTMAS MUSIC
2897,Occupation,CATERER
2898,Thing,WINDMILL
2899,Fictional Character,MISS PIGGY
2900,Place,RESORT AND CASINO
2901,On The Map,POCONO MOUNTAINS
2902,Phrase,BEGINNER'S LUCK
2903,Proper Name,TECHNICOLOR
2904,Person,SMARTY-PANTS
2905,Food &amp; Drink,HAMBURGER
2906,Place,HOME GYM
2907,Person,NATIVE
2908,On The Map,FLORIDA
2909,What Are You Doing?,WASHING CLOTHES
2910,Title,GUYS AND DOLLS
2911,Food &amp; Drink,SHREDDED COCONUT
2912,Proper Name,STEVIE WONDER
2913,Around The House,GLASS VOTIVE
2914,Things,GOLD COINS
2915,Occupation,CROSSING GUARD
2916,Around The House,HANGING LAMP
2917,Food &amp; Drink,JUICY CHERRIES
2918,Food &amp; Drink,LIME JUICE
2919,On The Map,WYOMING
2920,Around The House,WHISKBROOM
2921,Thing,LUXURY SEDAN
2922,Thing,MAILBOX
2923,Thing,ACOUSTIC GUITAR
2924,People,LITTLE TIKES
2925,Thing,PADDLE BOAT
2926,Event,CRAFT FAIR
2927,Thing,NEON SIGN
2928,Proper Name,JOHNNY DEPP
2929,Thing,NOTEBOOK PAPER
2930,Person,HOUSEGUEST
2931,Event,SURPRISE ENDING
2932,Thing,NAIL POLISH
2933,Living Thing,BLACKBIRD
2934,Phrase,GEE WHIZ
2935,Phrase,CALL FIRST
2936,Quotation,WHAT'S UP DOC?
2937,Place,TOURIST TRAP
2938,Person,DEAN OF STUDENTS
2939,Fictional Character,FAIRY GODMOTHER
2940,Person,MOUNTIE
2941,Thing,COMEDY MONOLOGUE
2942,Event,AFRICAN SAFARI
2943,Food &amp; Drink,KIDS' MEAL
2944,Event,TOWN MEETING
2945,Living Things,CATS &amp; DOGS
2946,Event,METEOR SHOWER
2947,Classic Movies,URBAN COWBOY
2948,Person,CLEAN FREAK
2949,Thing,HOT AIR BALLOON
2950,Proper Name,TOM CLANCY
2951,Living Thing,PASSIONFLOWER
2952,Person,ARMY OFFICER
2953,What Are You Doing?,PLAYING A GAME OF JACKS
2954,Event,MIDNIGHT SWIMMING
2955,Food &amp; Drink,COMMUNION WAFERS
2956,Rhyme Time,BY HOOK OR BY CROOK
2957,On The Map,CHESAPEAKE BAY
2958,Proper Name,QUEEN LATIFAH
2959,Around The House,WALL CLOCK
2960,Place,PILATES STUDIO
2961,On The Map,CABO SAN LUCAS
2962,Place,TICKET BOOTH
2963,Event,MORNING COMMUTE
2964,What Are You Doing?,FLIRTING WITH A STRANGER
2965,Person,OUTDOORSMAN
2966,Fun &amp; Games,BEACH VOLLEYBALL
2967,Place,BED AND BREAKFAST
2968,Person,OUTDOORSMAN
2969,Fun &amp; Games,BEACH VOLLEYBALL
2970,Place,BED AND BREAKFAST
2971,Living Thing,ALLEY CAT
2972,Fictional Character,TONY THE TIGER
2973,Person,HIRED HAND
2974,In The Kitchen,TIN PIE PAN
2975,Event,BEACH SOCCER
2976,Living Thing,OTTERHOUND
2977,Person,FOREIGN MINISTER
2978,Event,TAE KWON DO
2979,Living Thing,SIBERIAN HUSKY
2980,Person,FUNNY COMEDIAN
2981,Proper Name,DODGE DURANGO
2982,Title,GETTYSBURG ADDRESS
2983,Phrase,GRIT YOUR TEETH
2984,Thing,BUMPER STICKER
2985,Food &amp; Drink,SLICED BOLOGNA
2986,Person,GROUP LEADER
2987,Phrase,TOUGH IT OUT
2988,Food &amp; Drink,FRENCH DRESSING
2989,Fictional Character,MAXWELL SMART
2990,Around The House,SOCK DRAWER
2991,Thing,HANDSTAND
2992,Occupation,SKETCH ARTIST
2993,Food &amp; Drink,FISH CHOWDER
2994,On The Map,MARYLAND
2995,Title,RABBIT HOLE
2996,Phrase,SYMBOL OF HOPE
2997,People,TELEVISION CREW
2998,Event,PUPPET SHOW
2999,Things,MATERIAL POSSESSIONS
3000,Around The House,BABY POWDER
3001,Food &amp; Drink,EGG MCMUFFIN
3002,Place,SECONDHAND SHOP
3003,Proper Name,CHELSEA CLINTON
3004,Food &amp; Drink,POMEGRANATE LEMONADE
3005,Event,APRIL FOOLS' DAY
3006,Proper Name,MARLON BRANDO
3007,Living Thing,SWORDFISH
3008,Proper Name,SAN DIEGO PADRES
3009,Food &amp; Drink,PERSIMMON SALAD
3010,Place,FAMILY ROOM
3011,Around The House,AREA RUGS
3012,Food &amp; Drink,LENTIL SOUP
3013,Things,JOB SKILLS
3014,What Are You Doing?,PLAYING CHARADES
3015,Proper Name,JACK BLACK
3016,Food &amp; Drink,LATE-NIGHT SNACK
3017,Living Thing,TARANTULA
3018,Thing,BIRTHDAY CARD
3019,Proper Name,MARIA SHRIVER
3020,Around The House,GARDEN HOSE
3021,In The Kitchen,BREADBOX
3022,Phrase,BURNT TO A CRISP
3023,Food &amp; Drink,ORANGE SODA
3024,Place,ROCK GARDEN
3025,Landmark,ZION NATIONAL PARK
3026,Proper Name,HEISMAN TROPHY
3027,Place,CITY HALL
3028,People,SPIRITED BUNCH
3029,Food &amp; Drink,VEGETABLE TEMPURA
3030,Phrase,EBB &amp; FLOW
3031,Event,BIG BASH
3032,Place,PAROCHIAL SCHOOL
3033,Proper Name,MR. OLYMPIA
3034,Thing,AWNING
3035,Phrase,HEADS UP!
3036,Food &amp; Drink,KOSHER FOODS
3037,Song Title,ROCKET MAN
3038,Living Thing,TOAD
3039,On The Map,VIRGIN ISLANDS
3040,People,GROWN-UPS
3041,Thing,VANISHING POINT
3042,Food &amp; Drink,SMOKED SAUSAGE
3043,Food &amp; Drink,COOKED SWEETBREAD
3044,Event,FREESTYLE SKIING
3045,Around The House,SHOWER CURTAIN
3046,Thing,PARADE FLOAT
3047,Phrase,KODAK MOMENT
3048,Fictional Character,RICHIE RICH
3049,Proper Name,NEIL YOUNG
3050,Food &amp; Drink,HOT FUDGE SUNDAE
3051,Living Thing,NORWEIGAN LUNDEHUND
3052,Things,GLORY DAYS
3053,Phrase,POP THE TRUNK
3054,Thing,NINE IRON
3055,Food &amp; Drink,PORTERHOUSE STEAK
3056,Phrase,TOP PRIORITY
3057,Show Biz,SOLO ARTIST
3058,Phrase,UP TO SNUFF
3059,Food &amp; Drink,STEAK AND MUSHROOMS
3060,Place,HOME BASE
3061,Proper Name,GEORGE CLOONEY
3062,Thing,INTERNATIONAL FLIGHT
3063,Phrase,DON'T BLINK
3064,Thing,BACK POCKET
3065,Person,SPRING CHICKEN
3066,Thing,CALENDAR YEAR
3067,Person,APPRENTICE
3068,Quotation,LOOSE LIPS SINK SHIPS
3069,Around The House,PHOTO ALBUM
3070,Place,INTIMATE HIDEAWAY
3071,Living Things,SWANS
3072,Food &amp; Drink,TACO SALAD
3073,Thing,MOVIE SCRIPT
3074,Landmark,PENN STATION
3075,Food &amp; Drink,COUNTRY FRIED STEAK
3076,Occupation,INTERIOR DESIGNER
3077,Fictional Character,NANCY DREW
3078,Event,WATER POLO
3079,Thing,SPLIT TICKET
3080,Thing,KING-SIZE BED
3081,Phrase,THE MOTOR CITY
3082,Food &amp; Drink,BUCKWHEAT PANCAKES
3083,People,STUDY GROUP
3084,Thing,SCRUFFY BEARD
3085,On The Map,MARTHA'S VINEYARD
3086,Food &amp; Drink,SOY CAKES
3087,Thing,PHONE MESSAGE
3088,Thing,THERMAL UNDERWEAR
3089,Person,PRANKSTER
3090,People,FOREIGN PRESS
3091,Fictional Character,MURPHY BROWN
3092,Phrase,READY SET GO!
3093,Proper Name,THE BOSTON GLOBE
3094,On The Map,TEMPE ARIZONA
3095,People,TAXPAYERS
3096,Around The House,LAWN ORNAMENTS
3097,Things,ACRYLIC NAILS
3098,What Are You Doing?,GOING STEADY
3099,Thing,VOCAL RANGE
3100,People,ART PATRONS
3101,Place,PICNIC PAVILION
3102,Thing,PAPERWEIGHT
3103,Show Biz,AUDITION
3104,People,COHORTS
3105,On The Map,ETHIOPIA
3106,Phrase,WORTH THE RISK
3107,Place,PASTRY SHOP
3108,Food &amp; Drink,SPICED TEA
3109,Proper Name,PRINCE CHARLES
3110,Place,BANQUET HALL
3111,People,HONOR GUARD
3112,Around The House,FLUFFY TOWELS
3113,Landmark,CAPITOL HILL
3114,Classic Movies,ALL ABOUT EVE
3115,Person,HOMEBODY
3116,Phrase,DOUBLE DIPPING
3117,Thing,GOATEE
3118,Place,PROMENADE DECK
3119,Thing,CAMPING GEAR
3120,Food &amp; Drink,HAM NOODLES
3121,Food &amp; Drink,BEEF RIB ROAST
3122,Living Thing,HOTHOUSE PLANT
3123,Place,SKYSCRAPER
3124,Proper Name,ADAM SANDLER
3125,People,FOUNDING FATHERS
3126,Proper Name,BILL MAHER
3127,Food &amp; Drink,LEMON WEDGES
3128,People,ELECTED OFFICIALS
3129,Food &amp; Drink,SLICED HAM
3130,Phrase,DON'T BE FOOLED
3131,Movie Title,ICE AGE
3132,Things,COMMON WORDS
3133,Thing,SECOND CHANCE
3134,Event,HOME RUN
3135,Proper Name,INDUSTRIAL REVOLUTION
3136,Event,CHOIR RECITAL
3137,Event,PHYSICAL EXAM
3138,Landmark,STONEHENGE
3139,Food &amp; Drink,GRILLED ASPARAGUS
3140,Title,USA TODAY
3141,Living Thing,LHASA APSO
3142,Food &amp; Drink,GRAPEFRUIT
3143,Event,ADVANCE SCREENING
3144,Living Things,CLOWN FISH
3145,Person,SPEED DEMON
3146,Event,BUSINESS MEETING
3147,Thing,PETRIFIED WOOD
3148,On The Map,OXFORD ENGLAND
3149,Thing,ACTIVITY BOOK
3150,Phrase,BY THE WAY
3151,Thing,MILITARY JEEP
3152,Proper Name,DALAI LAMA
3153,Food &amp; Drink,STUFFED CABBAGE
3154,Landmark,LONDON'S BIG BEN
3155,Thing,RAWHIDE BONE
3156,Living Thing,KILLER WHALE
3157,Rhyme Time,CHICK FLICK
3158,Around The House,SAFETY PINS
3159,Event,EARTH DAY
3160,Fun &amp; Games,GAG GIFT
3161,Occupation,DERMATOLOGIST
3162,Food &amp; Drink,PEACH TART
3163,Around The House,SOAP DISH
3164,Things,INDUSTRY SECRETS
3165,Thing,KETTLEDRUM
3166,Event,TRIATHLON
3167,Food &amp; Drink,SCALLOPED POTATOES
3168,Fictional Character,SCARLETT O'HARA
3169,Food &amp; Drink,BOILED BEETS
3170,Things,STICKS AND STONES
3171,Phrase,COMMON KNOWLEDGE
3172,Things,TWINKLING LIGHTS
3173,Event,DATE NIGHT
3174,Phrase,ON A LARK
3175,Person,OLD FRIEND
3176,Phrase,GET A LIFE
3177,Food &amp; Drink,FISH SOUFFLE
3178,Food &amp; Drink,GARLIC POPCORN
3179,Proper Name,ASTRONOMER GALILEO
3180,Living Things,TROPICAL BIRDS
3181,On The Map,GREAT BRITAIN
3182,Occupation,CARTOONIST
3183,Places,BRANCH OFFICES
3184,Things,FLASHING LIGHTS
3185,Place,SPANISH HARLEM
3186,On The Map,GUATEMALA
3187,Living Thing,SALAMANDER
3188,Event,MAJOR RENOVATION
3189,Thing,BURIED TREASURE
3190,Classic Movies,CITIZEN KANE
3191,Living Thing,ANACONDA SNAKE
3192,Thing,TAILBONE
3193,Food &amp; Drink,PITA CHIPS
3194,Food &amp; Drink,BISCOTTI
3195,Person,HOTEL GUEST
3196,Fictional Place,LAND OF OZ
3197,Proper Name,DAYS INN
3198,Fictional Character,JAMES BOND
3199,Event,SALTWATER FISHING
3200,What Are You Doing?,TOSSING AND TURNING
3201,People,ROCK BAND
3202,Proper Name,TOBEY MAGUIRE
3203,Proper Name,JAMIE FOXX
3204,Things,VENUS &amp; MARS
3205,People,ARMY BUDDIES
3206,Thing,CANVAS BACKPACK
3207,Food &amp; Drink,GINGER ALE
3208,In The Kitchen,TABLESPOON
3209,Phrase,JUST ADD WATER
3210,Proper Name,TAMPA BAY RAYS
3211,Place,RACETRACK
3212,Event,FISHING TRIP
3213,Fictional Character,RAPUNZEL
3214,Proper Name,PENNY MARSHALL
3215,In The Kitchen,MEASURING SPOON
3216,Thing,SHOPPING CART
3217,Landmark,SISTINE CHAPEL
3218,Food &amp; Drink,TURKEY SAUSAGE
3219,Event,THE ROSE BOWL
3220,Phrase,INNER CHILD
3221,Places,ROW HOUSES
3222,People,SUMO WRESTLERS
3223,Fictional Character,WIZARD OF OZ
3224,Occupation,TRANSLATOR
3225,Phrase,SEASON'S GREETINGS
3226,TV Show Title,STILL STANDING
3227,Fictional Character,PETER PIPER
3228,Proper Names,ADAM &amp; EVE
3229,Person,TRENDSETTER
3230,Place,STREET CORNER
3231,Person,ALBERT EINSTEIN
3232,Things,REST AND RELAXATION
3233,Around The House,LINEN CLOSET
3234,Phrase,ALL SYSTEMS GO
3235,Phrase,SAVE THE WHALES
3236,Occupation,NEWSPAPER REPORTER
3237,Phrase,NEVER SAY NEVER
3238,Person,TEACHER'S PET
3239,Food &amp; Drink,PEAS AND CARROTS
3240,Place,REST STOP
3241,Occupation,HAIR STYLIST
3242,Fictional Character,CINDERELLA
3243,Thing,DESERT TERRAIN
3244,Rhyme Time,EVEN STEVEN
3245,Living Thing,SAINT BERNARD
3246,Rhyme Time,THE NEED FOR SPEED
3247,Things,DELICIOUS TIDBITS
3248,Phrase,KODAK MOMENT
3249,Things,EARTH MOON &amp; SUN
3250,Place,ART GALLERY
3251,Living Thing,GREAT DANE
3252,Event,SURPRISE PARTY
3253,Event,GARAGE SALE
3254,In The Kitchen,TOASTER OVEN
3255,Fictional Character,BETTY BOOP
